entry_date,avg_return,median_return,sample_count,avg_hold
2024-10-09,-4.8284,-6.0262,50,1.1
2024-10-10,-3.0526,-3.4043,50,1.2
2024-10-11,-0.8954,-2.4958,50,1.6
2024-10-14,2.4202,3.1043,50,1.4
2024-10-15,0.3944,-1.6815,50,1.4
2024-10-16,4.2658,3.6909,50,1.5
2024-10-17,3.488,2.4916,50,1.8
2024-10-18,7.3864,4.9365,50,1.3
2024-10-21,3.0128,2.8322,50,1.7
2024-10-22,1.8464,2.3347,50,1.6
2024-10-23,2.4537,2.4972,50,1.8
2024-10-24,4.4368,4.2027,50,1.5
2024-10-25,3.377,3.4569,50,1.4
2024-10-28,2.9963,2.9802,50,1.3
2024-10-29,-0.6182,-3.2846,50,1.5
2024-10-30,1.8246,3.3599,50,1.5
2024-10-31,1.541,2.3565,50,1.9
2024-11-01,-0.1501,2.034,50,1.9
2024-11-04,5.5487,4.2684,50,1.5
2024-11-05,4.5619,4.3266,50,1.4
2024-11-06,4.2395,3.289,50,1.4
2024-11-07,6.9425,5.0913,50,1.1
2024-11-08,2.4932,2.2698,50,1.4
2024-11-11,3.1442,3.7838,50,1.3
2024-11-12,-2.6213,-3.453,50,1.6
2024-11-13,-0.6932,-3.0355,50,1.2
2024-11-14,-5.1369,-4.965,50,1.2
2024-11-15,-1.9127,-1.869,50,1.7
2024-11-18,-1.2269,-0.9813,50,2.1
2024-11-19,3.8279,2.5177,50,1.5
2024-11-20,1.5083,2.5307,50,1.4
2024-11-21,-0.5648,-3.4918,50,1.1
2024-11-22,-0.5251,-2.9418,50,1.5
2024-11-25,1.9756,2.1985,50,2.0
2024-11-26,1.3474,2.1924,50,2.1
2024-11-27,4.8976,3.3817,50,1.9
2024-11-28,2.936,3.2798,50,1.8
2024-11-29,4.6356,3.7603,50,1.4
2024-12-02,0.3981,0.5536,50,1.8
2024-12-03,-0.1589,-1.6974,50,1.7
2024-12-04,0.6909,-0.4319,50,1.8
2024-12-05,3.1835,3.5745,50,1.8
2024-12-06,2.734,2.4745,50,1.6
2024-12-09,1.9693,2.2034,50,1.7
2024-12-10,-1.277,-1.4939,50,1.8
2024-12-11,2.2263,2.2286,50,1.5
2024-12-12,0.1809,-0.7101,50,1.5
2024-12-13,-2.7093,-3.8615,50,1.3
2024-12-16,-2.8813,-3.6706,50,1.3
2024-12-17,-2.8964,-2.8833,50,1.5
2024-12-18,-0.4866,-0.9437,50,1.9
2024-12-19,1.7739,2.1533,50,1.7
2024-12-20,-1.2063,-1.2374,50,1.9
2024-12-23,-2.8911,-3.1477,50,1.6
2024-12-24,0.7913,1.9588,50,1.7
2024-12-25,0.4808,-0.26,50,2.0
2024-12-26,1.5839,2.4824,50,1.7
2024-12-27,-0.6711,-1.7356,50,1.6
2024-12-30,-2.9959,-3.6369,50,1.2
2024-12-31,-4.9441,-5.3297,50,1.2
2025-01-02,-3.2094,-4.174,50,1.3
2025-01-03,-3.2931,-3.4087,50,1.6
2025-01-06,1.0182,-0.2495,50,2.2
2025-01-07,1.1657,0.8598,50,1.5
2025-01-08,-0.1907,-1.5053,50,1.6
2025-01-09,-0.8665,-1.2771,50,1.6
2025-01-10,0.0692,1.3572,50,1.7
2025-01-13,6.221,4.9245,50,1.5
2025-01-14,3.5993,3.6428,50,1.2
2025-01-15,0.8064,-0.1417,50,2.1
2025-01-16,1.4074,2.1725,50,2.3
2025-01-17,0.8817,2.0756,50,1.8
2025-01-20,0.1141,-0.6302,50,1.7
2025-01-21,-1.116,-2.1606,50,1.6
2025-01-22,-0.6965,-0.8886,50,1.8
2025-01-23,0.2913,-0.7588,50,2.3
2025-01-24,2.2643,2.1683,50,1.7
2025-01-27,1.4812,2.3562,50,2.3
2025-02-05,3.308,3.1572,50,1.9
2025-02-06,3.5643,3.0575,50,2.0
2025-02-07,2.9715,2.505,50,1.9
2025-02-10,2.8997,2.5669,50,2.0
2025-02-11,0.6689,-0.5685,50,1.9
2025-02-12,1.8076,2.4819,50,1.7
2025-02-13,0.4763,-0.4436,50,1.7
2025-02-14,0.3852,-0.6688,50,1.7
2025-02-17,-0.1288,-1.2577,50,2
2025-02-18,0.3241,-0.2333,50,1.6
2025-02-19,4.4071,3.2373,50,1.8
2025-02-20,2.4639,2.2395,50,2
2025-02-21,1.6771,0.92,50,1.6
2025-02-24,1.2772,-0.0776,50,1.8
2025-02-25,2.0352,2.1992,50,1.8
2025-02-26,-0.2791,-0.8419,50,1.7
2025-02-27,-1.4715,-1.9759,50,1.6
2025-02-28,-1.351,-1.185,50,1.8
2025-03-03,2.2828,2.1431,50,2.1
2025-03-04,3.3436,2.7194,50,2.1
2025-03-05,0.8748,0.4983,50,2.2
2025-03-06,2.4909,2.2106,50,2.1
2025-03-07,1.2913,-0.3747,50,1.9
2025-03-10,1.9988,2.0313,50,2.1
2025-03-11,1.4301,2.0867,50,2.0
2025-03-12,0.5344,0.8357,50,2.7
2025-03-13,2.2005,1.9559,50,2.3
2025-03-14,3.735,3.3368,50,1.5
2025-03-17,0.574,-0.5636,50,2.2
2025-03-18,-0.7379,-0.8732,50,1.9
2025-03-19,-1.4835,-2.0664,50,1.8
2025-03-20,-2.8605,-3.0778,50,1.7
2025-03-21,-1.6849,-2.0098,50,1.6
2025-03-24,-0.9808,-0.9792,50,1.6
2025-03-25,0.9792,2.0672,50,1.9
2025-03-26,0.8187,0.8397,50,1.7
2025-03-27,-1.1856,-2.5453,50,1.7
2025-03-28,-0.9724,-1.8399,50,1.8
2025-03-31,0.243,-0.7187,50,2.1
2025-04-01,-0.0366,2.1305,50,1.8
2025-04-02,-6.6457,-9.3325,50,1.7
2025-04-03,-8.4491,-9.181,50,1
2025-04-07,-3.8412,-4.9744,50,1.4
2025-04-08,5.6259,4.0189,50,1.4
2025-04-09,8.2618,6.8942,50,1.2
2025-04-10,2.7503,3.4119,50,2
2025-04-11,3.1505,3.3315,50,1.7
2025-04-14,-0.9829,-1.6604,50,1.8
2025-04-15,-0.5218,-1.0987,50,1.7
2025-04-16,0.4094,-0.2405,50,2.0
2025-04-17,2.7502,2.7838,50,2
2025-04-18,0.6941,1.5906,50,2.2
2025-04-21,2.8539,2.8091,50,1.7
2025-04-22,0.8361,-0.2302,50,1.8
2025-04-23,-0.583,-1.0532,50,1.7
2025-04-24,-0.0258,-1.1642,50,1.7
2025-04-25,-0.6138,-0.6459,50,2.0
2025-04-28,0.8095,2.1374,50,2.0
2025-04-29,2.8811,3.1733,50,1.5
2025-04-30,3.5411,3.0654,50,1.9
2025-05-06,3.1514,3.013,50,1.6
2025-05-07,-0.0357,-0.5118,50,2.0
2025-05-08,0.936,1.9872,50,2.3
2025-05-09,0.5432,-0.5554,50,2.0
2025-05-12,0.795,-0.2633,50,2.3
2025-05-13,-1.302,-2.2761,50,1.8
2025-05-14,0.7472,-0.4327,50,1.9
2025-05-15,0.5974,-0.5942,50,2.4
2025-05-16,2.3533,2.2409,50,2.2
2025-05-19,0.2832,-0.4787,50,2.3
2025-05-20,0.0845,-0.8706,50,1.8
2025-05-21,-1.554,-2.8105,50,1.6
2025-05-22,-1.5378,-2.2483,50,1.6
2025-05-23,0.0321,-0.8053,50,2.1
2025-05-26,0.4242,-0.3263,50,1.8
2025-05-27,0.7683,-0.374,50,2.6
2025-05-28,1.435,2.1492,50,2.0
2025-05-29,2.3189,2.2082,50,2.1
2025-05-30,-0.5995,-0.9685,50,2.2
2025-06-03,2.6022,2.8012,50,2.1
2025-06-04,1.1951,1.7761,50,2.4
2025-06-05,1.3243,0.9106,50,2.1
2025-06-06,1.1104,-0.3046,50,1.9
2025-06-09,1.3074,-0.2895,50,2
2025-06-10,-0.3871,-1.1923,50,1.9
2025-06-11,-0.0331,-1.1019,50,2.1
2025-06-12,-0.9056,-1.7002,50,1.5
2025-06-13,1.2617,-0.3261,50,1.9
2025-06-16,0.2409,-0.5195,50,2.1
2025-06-17,-2.6665,-3.0622,50,1.7
2025-06-18,-1.379,-2.8991,50,1.5
2025-06-19,-0.8233,-0.9428,50,1.8
2025-06-20,1.5737,2.4459,50,2.4
2025-06-23,4.525,3.8081,50,1.4
2025-06-24,2.4452,2.4038,50,2.2
2025-06-25,2.4751,2.248,50,2.3
2025-06-26,0.9937,1.536,50,2.3
2025-06-27,1.376,0.9666,50,2.6
2025-06-30,1.825,1.8855,50,2.4
2025-07-01,0.168,-0.5315,50,2.1
2025-07-02,0.022,-0.0519,50,2.3
2025-07-03,0.5644,-0.1113,50,2.4
2025-07-04,2.0477,2.0961,50,2.4
2025-07-07,2.8822,2.5314,50,2.5
2025-07-08,1.2366,0.0544,50,2.3
2025-07-09,1.0298,1.9947,50,2.6
2025-07-10,0.5058,-0.1213,50,2.5
2025-07-11,0.7017,0.7057,50,2.1
2025-07-14,0.6998,-0.3164,50,2.4
2025-07-15,0.926,-0.5185,50,2.1
2025-07-16,2.9853,2.7892,50,2.4
2025-07-17,3.0294,2.4504,50,2.3
2025-07-18,2.4394,2.3083,50,2.1
2025-07-21,2.0358,2.1206,50,1.7
2025-07-22,2.1135,2.103,50,1.9
2025-07-23,-0.4934,-0.7432,50,2.0
2025-07-24,2.9207,2.4412,50,1.8
2025-07-25,1.1378,-0.3958,50,1.8
2025-07-28,0.5947,-0.6327,50,1.8
2025-07-29,-2.1367,-2.6468,50,1.8
2025-07-30,-0.269,-1.5796,50,1.9
2025-07-31,0.56,-0.6847,50,2.1
2025-08-01,1.8588,2.1215,50,2.6
2025-08-04,2.4102,2.3024,50,2.8
2025-08-05,1.3372,1.6365,50,2.4
2025-08-06,1.3557,0.664,50,2.8
2025-08-07,0.4488,-0.5799,50,2.3
2025-08-08,1.1288,-0.2561,50,2.5
2025-08-11,2.182,2.0306,50,2.0
2025-08-12,-0.3787,-1.0341,50,1.8
2025-08-13,0.2978,-0.7669,50,1.7
2025-08-14,2.1006,2.1914,50,2.0
2025-08-15,3.5807,3.3497,50,2.1
2025-08-18,2.6653,2.2307,50,2.1
2025-08-19,1.65,2.0913,50,2.5
2025-08-20,2.1631,2.1921,50,2.3
2025-08-21,0.0164,-0.6936,50,2.3
2025-08-22,2.2533,2.3547,50,1.9
2025-08-25,0.4053,-0.2843,50,1.5
2025-08-26,-0.4001,-2.1706,50,1.3
2025-08-27,-1.3154,-2.9251,50,1.4
2025-08-28,1.9517,0.8569,50,1.5
2025-08-29,0.4958,-0.7959,50,1.6
2025-09-01,-2.903,-2.7985,50,1.7
2025-09-02,-2.5403,-3.7043,50,1.2
2025-09-03,-3.3801,-3.0835,50,1.7
2025-09-04,2.0076,2.3267,50,1.9
2025-09-05,4.246,3.8812,50,2.0
2025-09-08,1.4319,0.6518,50,2
2025-09-09,-0.1574,-0.4307,50,2.4
2025-09-10,0.9375,-0.0776,50,1.9
2025-09-11,3.2635,2.2312,50,1.8
2025-09-12,1.4356,-0.4333,50,1.9
2025-09-15,0.6825,-0.8666,50,2
2025-09-16,0.0819,-1.5365,50,1.7
2025-09-17,-0.4386,-2.1677,50,1.4
2025-09-18,-1.5085,-2.9836,50,1.5
2025-09-19,-1.089,-2.8086,50,1.7
2025-09-22,-0.3874,-0.5033,50,1.8
2025-09-23,0.0321,-0.8319,50,1.8
2025-09-24,2.4038,2.4709,50,1.6
2025-09-25,-0.5569,-0.7414,50,1.9
2025-09-26,1.8219,2.1175,50,2.1
2025-09-29,2.8636,2.793,50,1.8
2025-09-30,1.7799,2.3134,50,1.9
2025-10-09,0.8346,-0.1856,50,1.9
2025-10-10,1.2121,2.0617,50,1.9
2025-10-13,3.3767,3.2375,50,1.4
2025-10-14,-0.4404,-0.8269,50,1.7
2025-10-15,-0.3965,-1.9468,50,1.9
2025-10-16,-1.8947,-3.1504,50,1.5
2025-10-17,-0.4023,-0.7858,50,2.1
2025-10-20,2.0271,2.1875,50,2.1
2025-10-21,3.107,2.4805,50,2.1
2025-10-22,1.3377,2.133,50,2.3
2025-10-23,1.7082,2.2816,50,2.0
2025-10-24,1.0965,-0.5307,50,2.0
2025-10-27,0.7628,-0.1366,50,2.1
2025-10-28,0.1691,-0.3398,50,1.9
2025-10-29,0.5713,-0.3468,50,2.1
2025-10-30,0.5267,-0.0379,50,2.2
2025-10-31,1.4513,2.0866,50,2.0
2025-11-03,0.0013,-0.3178,50,1.8
2025-11-04,0.4483,1.4879,50,2.3
2025-11-05,2.5673,2.3578,50,1.9
2025-11-06,0.8435,-0.2243,50,2.2
2025-11-07,0.5881,0.9446,50,2.1
2025-11-10,0.7479,-0.33,50,1.7
2025-11-11,0.5686,-0.6001,50,2.0
2025-11-12,-0.1971,-0.7802,50,2.0
2025-11-13,1.0269,-0.6249,50,2.0
2025-11-14,-1.1096,-1.7801,50,1.6
2025-11-17,-1.0957,-2.6689,50,1.5
2025-11-18,-1.2958,-2.9617,50,1.6
2025-11-19,-2.9939,-3.4216,50,1.6
2025-11-20,-4.5014,-5.0364,50,1.3
2025-11-21,0.3151,-1.3368,50,1.6
2025-11-24,2.6189,3.1042,50,1.5
2025-11-25,1.5022,0.5225,50,2.2
2025-11-26,1.3651,2.0714,50,2.2
2025-11-27,2.0607,2.1444,50,2.2
2025-11-28,1.825,1.9774,50,2.0
2025-12-01,-0.4331,-1.07,50,2.0
2025-12-02,-1.3507,-2.0294,50,1.8
2025-12-03,-0.1191,-0.5791,50,2.3
2025-12-04,0.048,-0.7803,50,2.2
2025-12-05,1.6561,2.2891,50,1.6
2025-12-08,0.4916,-1.0682,50,1.7
2025-12-09,-0.8916,-1.8069,50,1.7
2025-12-10,-0.2385,-1.0676,50,1.6
2025-12-11,-0.7663,-1.3182,50,1.8
2025-12-12,0.1833,-1.6798,50,1.6
2025-12-15,-0.7972,-1.0874,50,1.8
2025-12-16,0.7149,-0.0347,50,2.0
2025-12-17,2.1335,2.3711,50,2.1
2025-12-18,2.4729,2.3513,50,2.1
2025-12-19,1.4994,2.3506,50,2.3
2025-12-22,1.4097,-0.3272,50,2.1
2025-12-23,1.2261,0.8901,50,2.7
2025-12-24,2.2754,2.0107,50,2.5
2025-12-25,0.1465,-0.5433,50,2
2025-12-26,0.2916,-0.8572,50,2.0
2025-12-29,0.1212,-0.7382,50,1.9
2025-12-30,2.5492,2.3597,50,2.5
2025-12-31,3.1649,2.3327,50,1.7
2026-01-05,3.9127,2.7829,50,2.3
2026-01-06,3.6333,3.3248,50,1.9
2026-01-07,2.4694,2.2822,50,2.6
2026-01-08,2.5098,2.424,50,1.8
2026-01-09,3.3965,2.3129,50,1.8
2026-01-12,1.7737,2.2827,50,1.6
2026-01-13,-0.4987,-1.3664,50,1.8
2026-01-14,1.327,0.9879,50,1.7
2026-01-15,1.1901,1.6122,50,1.9
2026-01-16,0.1033,0.1249,50,2.0
2026-01-19,2.8594,2.808,50,1.8
2026-01-20,1.8213,2.1151,50,2.2
2026-01-21,1.3638,-0.1542,50,2.4
2026-01-22,1.4505,-0.1372,50,2.2
2026-01-23,0.4238,-1.0063,50,1.7
2026-01-26,-0.0764,-1.4122,50,1.5
2026-01-27,0.7643,0.012,50,1.9
2026-01-28,-0.1229,-1.5304,50,1.7
2026-01-29,-1.8891,-3.1336,50,1.8
2026-01-30,-1.191,-1.2389,50,1.5
2026-02-02,0.5116,2.0443,50,2.3
2026-02-03,2.1386,2.3544,50,2.1
2026-02-04,1.0367,1.997,50,2
2026-02-05,0.5383,-0.1676,50,2.4
2026-02-06,2.2633,2.2316,50,2.1
2026-02-09,1.5959,-0.1755,50,1.8
2026-02-10,0.6503,-0.5694,50,1.8
2026-02-11,-0.3277,-1.2118,50,1.8
2026-02-12,0.4103,-0.8254,50,2.1
2026-02-13,1.0622,2.0166,50,2.1
2026-02-24,0.4751,-0.6235,50,1.9
2026-02-25,1.5502,2.2857,50,1.9
2026-02-26,-0.2938,-1.8041,50,1.7
2026-02-27,-0.9338,-2.8733,50,1.4
2026-03-02,-2.8294,-3.7533,50,1.2
2026-03-03,-2.9303,-3.7753,50,1.2
2026-03-04,2.1066,2.436,50,1.6
2026-03-05,1.1574,2.1394,50,2.0
2026-03-06,2.5115,2.1663,50,2.3
2026-03-09,2.2095,2.2235,50,2.2
2026-03-10,0.4384,-0.1519,50,2.1
2026-03-11,-0.9474,-1.8299,50,1.6
2026-03-12,-1.8832,-1.7393,50,1.8
2026-03-13,-0.2838,-1.4863,50,1.7
2026-03-16,-1.6287,-1.8339,50,1.8
2026-03-17,-3.0296,-3.6002,50,1.7
2026-03-18,-2.9148,-3.8417,50,1.5
2026-03-19,-3.7585,-5.5235,50,1.4
2026-03-20,-7.782,-8.6463,50,1.0
2026-03-23,0.3017,-0.2603,50,1.9
2026-03-24,2.693,2.4592,50,1.4
2026-03-25,1.6127,2.0392,50,1.7
2026-03-26,-0.3933,-0.5915,50,2.0
2026-03-27,2.6969,2.4952,50,1.5
2026-03-30,0.8343,2.0429,50,1.6
2026-03-31,-1.3148,-1.9963,50,1.8
2026-04-01,-1.9278,-3.082,50,1.6
2026-04-02,-0.7164,-2.5011,50,1.4
2026-04-03,1.784,2.0979,50,1.9
2026-04-07,4.0105,3.6765,50,1.1
2026-04-08,2.0652,2.4107,50,1.7
2026-04-09,0.969,1.5029,50,1.9
2026-04-10,0.4392,-0.2792,50,1.9
2026-04-13,0.6912,0.2178,50,2.1
2026-04-14,0.1224,-0.8987,50,2.1
2026-04-15,1.2855,-0.1594,50,2.2
2026-04-16,0.8312,-0.2948,50,2.1
2026-04-17,1.3851,-0.311,50,1.8
2026-04-20,0.3955,-0.2812,50,1.9
2026-04-21,-0.1944,-1.9196,50,1.7
2026-04-22,-0.9139,-1.2969,50,1.6
2026-04-23,-0.3942,-1.0105,50,1.6
2026-04-24,0.5767,0.4383,50,1.7
2026-04-27,0.7315,1.7091,50,1.7
2026-04-28,1.0887,2.0724,50,1.9
2026-04-29,3.1176,2.5231,50,1.7
2026-04-30,2.5858,2.3016,50,1.9
2026-05-06,1.9775,2.3851,50,1.6
2026-05-07,2.0687,2.3346,50,1.6
2026-05-08,1.3831,0.8936,50,1.7
2026-05-11,1.0626,-0.5674,50,1.5
2026-05-12,0.7087,-1.1529,50,1.6
2026-05-13,0.8144,-0.9516,50,1.3
2026-05-14,-2.4308,-3.6039,50,1.4
2026-05-15,-0.4247,-1.4892,50,1.6
2026-05-18,0.281,-0.662,50,1.5
2026-05-19,-1.2809,-2.8743,50,1.7
2026-05-20,-1.6817,-2.6774,50,1.4
2026-05-21,-0.8496,-2.2867,50,1.6
2026-05-22,2.904,2.7526,50,1.4
2026-05-25,-1.9387,-3.5298,50,1.4
2026-05-26,-3.4491,-4.3738,50,1.3
2026-05-27,-1.3383,-2.5202,50,1.6
2026-05-28,0.5828,2.0792,50,1.5
2026-05-29,0.1477,-0.8341,50,1.5
2026-06-01,1.1734,2.3107,50,1.3
2026-06-02,-1.8995,-3.3767,50,1.5
2026-06-03,-1.2626,-2.6098,50,1.4
2026-06-04,-1.5702,-2.7129,50,1.5
2026-06-05,-0.5712,-2.9309,50,1.4
2026-06-08,1.2541,-0.3658,50,1.5
2026-06-09,-1.0228,-1.7327,50,1.8
2026-06-10,-0.429,-1.3867,50,1.8
2026-06-11,3.1649,3.0269,50,1.6
2026-06-12,3.0589,3.0663,50,1.5
2026-06-15,0.4836,-2.6118,50,1.6
2026-06-16,-0.0807,-1.9347,50,1.5
2026-06-17,-0.0883,-1.9294,50,1.4
2026-06-18,1.4771,2.0976,50,1.7
2026-06-22,1.2474,2.2161,50,1.2
2026-06-23,0.4543,-1.4177,50,1.3
2026-06-24,-2.8855,-4.1896,50,1.2
2026-06-25,-2.0179,-2.9244,50,1.4
2026-06-26,-2.1438,-3.4716,50,1.4
2026-06-29,3.0204,2.824,50,1.7
2026-06-30,3.7591,3.4676,50,1.4
2026-07-01,2.5024,4.3266,50,1.1
2026-07-02,0.8524,-0.1942,50,1.6
2026-07-03,-0.9655,-2.2842,50,1.4
2026-07-06,-2.8058,-3.3998,50,1.4
2026-07-07,-3.4227,-3.9573,50,1.4
2026-07-08,-0.238,-1.4817,50,1.7
2026-07-09,1.5754,3.261,50,1.5
2026-07-10,0.2489,2.5613,50,1.4
2026-07-13,-0.3695,-0.5942,50,1.5
2026-07-14,1.5844,3.1585,50,1.2
2026-07-15,-0.8721,1.9846,50,1.3
2026-07-16,-3.0283,-0.7933,50,1.3
2026-07-17,-5.698,-6.3296,50,1.3
2026-07-20,-1.3873,-2.5411,50,1.3
2026-07-21,2.232,2.2116,50,1.8
2026-07-22,-0.1266,-1.5719,50,1.6
2026-07-23,2.0511,2.3765,50,1.5
2026-07-24,1.549,2.1731,50,1.7
2026-07-27,3.6541,3.5488,50,1.4
2026-07-28,0.8494,2.34,50,1.4
2026-07-29,0.4745,2.3404,50,1.3
2026-07-30,2.3296,2.3269,50,1.9
2026-07-31,3.0443,2.4323,50,1.7
2026-08-03,3.0063,2.5409,50,1.9
2026-08-04,2.8036,2.1619,50,1.5
2026-08-05,3.966,3.1886,50,1.7
2026-08-06,2.4267,2.2415,50,2.3
2026-08-07,1.263,2.0643,50,1.7
2026-08-10,1.5889,1.9884,50,2.0
2026-08-11,-0.4621,-1.0749,50,1.9
2026-08-12,0.8895,-0.7682,50,1.7
2026-08-13,0.7983,-0.6534,50,2.0
2026-08-14,1.1417,2.0216,50,1.6
2026-08-17,1.5085,2.1254,50,1.7
2026-08-18,-2.63,-3.7966,50,1.3
2026-08-19,-1.2047,-1.6848,50,1.6
2026-08-20,-0.4399,-0.4834,50,2.1
2026-08-21,-0.0584,-0.0018,50,2.0
2026-08-24,1.4571,2.0765,50,2.4
2026-08-25,3.1544,3.1884,50,1.8
2026-08-26,1.8766,2.21,50,2.0
2026-08-27,3.4512,3.43,50,1.9
2026-08-28,2.1693,2.2986,50,2.1
2026-08-31,2.302,2.2162,50,1.6
2026-09-01,0.8541,-0.4789,50,1.8
2026-09-02,0.1758,-0.8763,50,1.7
2026-09-03,1.5477,2.0997,50,1.9
2026-09-04,0.5998,-0.6084,50,1.9
2026-09-07,1.4953,0.8641,50,1.9
2026-09-08,-0.3258,-1.5851,50,1.8
2026-09-09,-2.4508,-3.2573,50,1.5
2026-09-10,-2.5486,-3.1535,50,1.6
2026-09-11,-1.0758,-2.7042,50,1.7
2026-09-14,0.607,-0.5049,50,1.8
2026-09-15,1.0676,0.6496,50,1.8
2026-09-16,2.8006,3.0588,50,2.2
2026-09-17,2.5252,2.4508,50,2.2
2026-09-18,2.3727,2.4818,50,1.8
2026-09-21,1.1818,1.9968,50,1.9
2026-09-22,-1.9662,-2.6946,50,1.8
2026-09-23,-2.3567,-3.259,50,1.7
2026-09-24,-2.7912,-1.656,50,1.7
2026-09-28,-1.859,-1.3617,50,1.6
2026-09-29,0.642,0.3302,50,1
2026-09-30,-0.6777,-0.5549,50,0
