regime,context_quality,event_type,n_events,sample_label,mean_return,median_return,win_rate,mean_excess,mean_ci_lower,mean_ci_upper,win_rate_ci_lower,win_rate_ci_upper,excess_ci_lower,excess_ci_upper,stability,theme_lifecycle
cooldown,COMPLEX,multi_pattern,2010,large,0.59,1.9425,54.13,1.2436,0.2936,0.8855,51.8905,56.4677,0.9476,1.5267,INSUFFICIENT_DATA,NOT_AVAILABLE
cooldown,MODERATE,multi_pattern,1849,large,0.3006,1.21,54.95,0.7326,-0.0017,0.6072,52.4608,57.2742,0.4238,1.0309,INSUFFICIENT_DATA,NOT_AVAILABLE
cooldown,MODERATE,single_pattern,510,large,0.107,1.4675,53.73,0.6433,-0.3494,0.5563,49.2108,58.0392,0.172,1.088,INSUFFICIENT_DATA,NOT_AVAILABLE
cooldown,SIMPLE,single_pattern,1838,large,0.2387,1.39,56.31,0.475,-0.0438,0.5308,53.9159,58.6548,0.1772,0.7802,INSUFFICIENT_DATA,NOT_AVAILABLE
hot,COMPLEX,multi_pattern,9408,large,0.6239,0.8275,51.07,0.2744,0.5084,0.7379,50.0848,52.0522,0.161,0.3867,INSUFFICIENT_DATA,NOT_AVAILABLE
hot,MODERATE,multi_pattern,9662,large,0.3021,0.88,52.45,0.0211,0.1967,0.4035,51.4278,53.3844,-0.0776,0.1175,INSUFFICIENT_DATA,NOT_AVAILABLE
hot,MODERATE,single_pattern,3011,large,0.2418,0.36,51.81,-0.2351,0.091,0.4107,50.1486,53.6699,-0.3899,-0.0749,INSUFFICIENT_DATA,NOT_AVAILABLE
hot,SIMPLE,single_pattern,7699,large,0.6185,1.19,55.84,0.2777,0.5103,0.733,54.6954,56.8778,0.1732,0.3901,INSUFFICIENT_DATA,NOT_AVAILABLE
ice,COMPLEX,multi_pattern,605,large,1.2337,0.0,47.77,0.1452,0.8576,1.6257,43.4711,51.9008,-0.2356,0.5316,INSUFFICIENT_DATA,NOT_AVAILABLE
ice,MODERATE,multi_pattern,498,large,1.2932,0.0,46.59,0.6598,0.8786,1.7067,42.5653,51.009,0.2496,1.0578,INSUFFICIENT_DATA,NOT_AVAILABLE
ice,MODERATE,single_pattern,158,large,1.3304,1.25,55.06,0.552,0.794,1.8614,47.4684,62.6582,-0.0317,1.1949,INSUFFICIENT_DATA,NOT_AVAILABLE
ice,SIMPLE,single_pattern,441,large,0.9584,0.0,40.82,0.3211,0.515,1.4012,36.0544,45.3515,-0.0934,0.7606,INSUFFICIENT_DATA,NOT_AVAILABLE
warmup,COMPLEX,multi_pattern,9916,large,0.6719,1.86,54.23,0.0359,0.5389,0.7892,53.2773,55.1838,-0.0831,0.157,INSUFFICIENT_DATA,NOT_AVAILABLE
warmup,MODERATE,multi_pattern,9932,large,0.7137,1.31,58.57,-0.0557,0.5974,0.8249,57.6118,59.555,-0.1697,0.0545,INSUFFICIENT_DATA,NOT_AVAILABLE
warmup,MODERATE,single_pattern,3095,large,0.2169,1.415,54.83,-0.5721,0.0517,0.3799,53.1502,56.5759,-0.7314,-0.4111,INSUFFICIENT_DATA,NOT_AVAILABLE
warmup,SIMPLE,single_pattern,9047,large,0.5306,1.36,58.37,-0.1444,0.4104,0.6472,57.4002,59.3791,-0.2631,-0.0297,INSUFFICIENT_DATA,NOT_AVAILABLE
