pattern_count,regime,n_events,sample_label,mean_return,median_return,win_rate,mean_excess,mean_ci_lower,mean_ci_upper,win_rate_ci_lower,win_rate_ci_upper,excess_ci_lower,excess_ci_upper,avg_return_stdev,stability,theme_lifecycle
2,cooldown,1402,large,0.31,1.145,54.92,0.788,-0.0037,0.6265,52.3538,57.5606,0.4795,1.0923,0.4718,INSUFFICIENT_DATA,NOT_AVAILABLE
2,hot,7869,large,0.1473,0.6,51.57,-0.122,0.034,0.2497,50.4508,52.6878,-0.2269,-0.0228,0.5371,INSUFFICIENT_DATA,NOT_AVAILABLE
2,ice,362,large,1.0492,0.0,45.03,0.4696,0.6268,1.4747,39.779,50.0069,0.0329,0.8659,0.2589,INSUFFICIENT_DATA,NOT_AVAILABLE
2,warmup,7669,large,0.6519,1.25,59.06,-0.1653,0.532,0.7728,57.9596,60.1904,-0.283,-0.0349,0.5153,INSUFFICIENT_DATA,NOT_AVAILABLE
3,cooldown,657,large,0.1282,1.435,53.12,0.5913,-0.3903,0.6623,49.3151,57.0776,0.1027,1.1126,0.6632,INSUFFICIENT_DATA,NOT_AVAILABLE
3,hot,2779,large,0.7223,1.43,54.52,0.3236,0.4992,0.932,52.6448,56.3872,0.1149,0.5355,0.6984,INSUFFICIENT_DATA,NOT_AVAILABLE
3,ice,196,large,1.7811,1.49,54.08,0.8408,0.9532,2.6308,47.449,61.2245,0.0562,1.6705,0.4395,INSUFFICIENT_DATA,NOT_AVAILABLE
3,warmup,3366,large,0.7954,1.8825,57.1,0.1993,0.5746,1.0225,55.5556,58.8243,-0.0139,0.4166,0.6264,INSUFFICIENT_DATA,NOT_AVAILABLE
4,cooldown,868,large,0.6183,1.91,54.72,1.2235,0.1438,1.038,51.3825,58.0645,0.763,1.639,0.8246,INSUFFICIENT_DATA,NOT_AVAILABLE
4,hot,3993,large,0.7685,1.15,52.49,0.4165,0.5993,0.9529,51.0393,54.0214,0.2539,0.5989,0.7925,INSUFFICIENT_DATA,NOT_AVAILABLE
4,ice,248,large,1.3431,0.0,48.79,0.2742,0.7652,1.9181,42.7419,54.8387,-0.2845,0.8312,0.4966,INSUFFICIENT_DATA,NOT_AVAILABLE
4,warmup,4334,large,0.7978,1.86,55.86,0.1728,0.5916,0.9846,54.2674,57.2912,-0.0286,0.3575,0.7645,INSUFFICIENT_DATA,NOT_AVAILABLE
5,cooldown,632,large,0.6977,2.055,53.48,1.4848,0.1749,1.1971,49.6835,57.1203,0.9997,1.98,0.8371,INSUFFICIENT_DATA,NOT_AVAILABLE
5,hot,2888,large,0.5832,-0.1,49.83,0.2947,0.387,0.7983,47.9224,51.662,0.0995,0.499,0.8333,INSUFFICIENT_DATA,NOT_AVAILABLE
5,ice,188,large,0.9072,0.0,45.74,-0.1792,0.1811,1.562,38.2979,52.6596,-0.874,0.5242,0.4619,INSUFFICIENT_DATA,NOT_AVAILABLE
5,warmup,3074,large,0.5762,1.95,51.98,-0.0967,0.3364,0.8037,50.3578,53.7736,-0.3317,0.1181,0.814,INSUFFICIENT_DATA,NOT_AVAILABLE
6,cooldown,249,large,0.7138,2.05,55.02,1.1264,-0.0298,1.4624,48.996,61.0442,0.4256,1.8389,0.9262,INSUFFICIENT_DATA,NOT_AVAILABLE
6,hot,1244,large,0.6203,0.25,50.32,0.3009,0.3162,0.9113,47.508,53.0547,0.0037,0.5955,0.8298,INSUFFICIENT_DATA,NOT_AVAILABLE
6,ice,89,medium,1.5605,0.0,43.82,0.4862,0.7358,2.456,33.7079,53.9326,-0.3459,1.3336,0.5844,INSUFFICIENT_DATA,NOT_AVAILABLE
6,warmup,1179,large,0.5662,1.96,51.57,-0.102,0.2062,0.8891,48.5984,54.2854,-0.4341,0.216,0.8093,INSUFFICIENT_DATA,NOT_AVAILABLE
7,cooldown,46,medium,1.5861,2.35,71.74,2.0561,0.3239,2.8808,58.6957,84.7826,0.8323,3.2987,0.7702,INSUFFICIENT_DATA,NOT_AVAILABLE
7,hot,274,large,0.195,-0.56,45.99,-0.257,-0.4983,0.8802,40.146,51.8248,-0.9069,0.3883,0.8274,INSUFFICIENT_DATA,NOT_AVAILABLE
7,ice,17,small,1.1153,0.0,35.29,0.1198,-1.1199,3.9891,11.7647,58.8235,-2.2215,2.9195,0.7,INSUFFICIENT_DATA,NOT_AVAILABLE
7,warmup,209,large,0.8274,1.95,52.15,0.324,0.0402,1.5712,44.9761,58.3852,-0.4267,1.0352,0.8122,INSUFFICIENT_DATA,NOT_AVAILABLE
8,cooldown,5,small,-1.076,-2.69,40.0,-2.9198,-8.604,5.8033,0.0,80.0,-11.1877,4.0221,0.4298,INSUFFICIENT_DATA,NOT_AVAILABLE
8,hot,19,small,2.2705,2.06,57.89,1.5241,-0.1766,4.9342,36.8421,78.9474,-0.8877,4.2402,0.8323,INSUFFICIENT_DATA,NOT_AVAILABLE
8,ice,3,small,0.0,0.0,0.0,0.6777,0.0,0.0,0.0,0.0,0.6777,0.6777,0.0,INSUFFICIENT_DATA,NOT_AVAILABLE
8,warmup,16,small,0.4341,-0.49,43.75,0.298,-1.3729,2.1708,18.75,68.75,-1.2903,1.9253,1.1993,INSUFFICIENT_DATA,NOT_AVAILABLE
9,hot,4,small,0.2625,-0.15,50.0,-0.4044,-3.24,3.765,0.0,100.0,-3.1755,2.3668,1.5197,INSUFFICIENT_DATA,NOT_AVAILABLE
9,warmup,1,small,-1.23,-1.23,0.0,-3.619,,,,,,,0.797,INSUFFICIENT_DATA,NOT_AVAILABLE
