grouping,regime,statistic,n_events,n_dates,event_bootstrap_ci_low,event_bootstrap_ci_high,date_cluster_ci_low,date_cluster_ci_high,point_estimate
overall,ALL,mean,69679,124,0.5025,0.5844,0.194,0.8597,0.5419
overall,ALL,median,69679,124,1.18,1.25,0.8849,1.44,1.21
overall,ALL,win_rate,69679,124,54.3377,55.0525,51.8467,57.5532,54.6865
by_regime,cooldown,mean,6207,16,0.1873,0.5196,-0.3577,1.1497,0.3601
by_regime,cooldown,median,6207,16,1.26,1.52,-0.3951,1.9327,1.4
by_regime,cooldown,win_rate,6207,16,53.6648,56.2107,49.0863,60.5031,54.9863
by_regime,hot,mean,29780,37,0.4203,0.5404,-0.091,0.9851,0.4795
by_regime,hot,median,29780,37,0.94,1.085,-0.5002,1.36,1.01
by_regime,hot,win_rate,29780,37,52.2899,53.3915,48.2864,57.0578,52.8274
by_regime,ice,mean,1702,5,0.9688,1.4,0.3962,2.4829,1.1887
by_regime,ice,median,1702,5,0.0,0.0,0.0,2.411,0.0
by_regime,ice,win_rate,1702,5,43.8895,48.6501,20.2595,67.7641,46.2985
by_regime,warmup,mean,31990,66,0.5345,0.661,0.1643,1.0359,0.6009
by_regime,warmup,median,31990,66,1.355,1.4501,1.0948,1.67,1.4
by_regime,warmup,win_rate,31990,66,56.2644,57.3399,53.1168,60.6028,56.8053
by_event_type,single_pattern,mean,25799,124,0.4047,0.532,0.1051,0.7835,0.4685
by_event_type,single_pattern,median,25799,124,1.22,1.3,1.03,1.45,1.26
by_event_type,single_pattern,win_rate,25799,124,55.2696,56.444,52.8052,59.1291,55.8665
by_event_type,multi_pattern,mean,43880,124,0.5323,0.6433,0.2261,0.9125,0.5851
by_event_type,multi_pattern,median,43880,124,1.115,1.21,0.69,1.4602,1.155
by_event_type,multi_pattern,win_rate,43880,124,53.564,54.4602,51.2188,56.9689,53.9927
