pattern_name,regime,period,event_type,n_events,sample_label,mean_return,median_return,win_rate,event_bootstrap_ci_low,event_bootstrap_ci_high,date_cluster_ci_low,date_cluster_ci_high
breakout,cooldown,train,solo,22,small,8.0868,7.09,77.27,2.8377,14.9947,0.2464,12.3551
breakout,cooldown,train,concurrent,2222,large,2.1096,2.3,58.82,1.8036,2.4033,1.092,3.2547
breakout,euphoria,train,solo,137,large,4.738,4.66,78.83,3.5237,5.9862,3.3392,5.9791
breakout,euphoria,train,concurrent,2382,large,1.7166,2.3175,59.4,1.4823,1.9341,0.3348,3.4356
breakout,hot,train,solo,160,large,2.7124,2.275,55.62,1.6761,3.9956,1.3375,4.0174
breakout,hot,train,concurrent,20717,large,0.9989,0.55,50.9,0.925,1.0759,0.592,1.3975
breakout,ice,train,solo,12,small,-0.645,0.66,50.0,-4.2755,2.6133,-5.2883,1.7107
breakout,ice,train,concurrent,860,large,2.0766,2.575,60.81,1.5561,2.5587,0.3985,4.0822
breakout,warmup,train,solo,321,large,1.2479,2.26,56.39,0.4656,2.0289,-0.4171,3.0992
breakout,warmup,train,concurrent,26480,large,0.7954,1.08,51.58,0.7191,0.8721,0.4281,1.1421
breakout,cooldown,validation,solo,25,small,0.6596,-0.13,48.0,-1.8485,3.0141,-0.4989,2.275
breakout,cooldown,validation,concurrent,2030,large,0.3738,1.7575,52.71,0.1004,0.6557,-0.518,1.0852
breakout,euphoria,validation,solo,10,small,1.802,2.28,70.0,-0.0702,3.3182,-0.0702,3.3182
breakout,euphoria,validation,concurrent,594,large,3.4264,2.93,74.58,3.0287,3.805,3.0287,3.805
breakout,hot,validation,solo,59,medium,1.6912,2.14,55.93,0.5105,3.1237,0.6184,3.15
breakout,hot,validation,concurrent,9593,large,1.396,2.0,56.04,1.2812,1.5073,0.6189,2.2783
breakout,ice,validation,solo,6,small,4.7583,3.69,83.33,2.2117,7.3033,0.635,6.7363
breakout,ice,validation,concurrent,320,large,2.7722,3.19,65.62,2.0289,3.5821,2.1482,3.6774
breakout,warmup,validation,solo,113,large,0.7208,1.97,52.21,-0.2264,1.5789,-0.1485,1.5164
breakout,warmup,validation,concurrent,13682,large,0.4276,-0.2525,48.6,0.3257,0.5293,0.0793,0.769
breakout,cooldown,oos,solo,43,medium,1.7805,3.15,62.79,0.0718,3.4173,0.5329,2.962
breakout,cooldown,oos,concurrent,2133,large,0.7492,2.03,54.76,0.456,1.0494,-0.2359,1.727
breakout,hot,oos,solo,104,large,0.8257,2.195,53.85,-0.4977,2.3549,-0.8995,2.8113
breakout,hot,oos,concurrent,9130,large,0.6828,1.0975,51.54,0.5661,0.7964,0.0756,1.2264
breakout,ice,oos,solo,9,small,-3.0822,-3.8,22.22,-7.5236,0.9037,-7.062,6.32
breakout,ice,oos,concurrent,589,large,1.4558,0.0,49.92,1.0657,1.8796,0.5484,2.6454
breakout,warmup,oos,solo,198,large,1.2417,2.385,58.59,0.2581,2.1635,0.2601,2.1403
breakout,warmup,oos,concurrent,10225,large,0.7559,1.98,54.48,0.6254,0.8839,0.2453,1.2788
divine_explorer,cooldown,train,solo,4,small,3.03,2.675,100.0,2.085,4.1,2.15,3.3233
divine_explorer,cooldown,train,concurrent,100,large,1.569,2.02,60.0,0.858,2.3149,-0.2271,2.6801
divine_explorer,euphoria,train,solo,1,small,-2.3,-2.3,0.0,,,,
divine_explorer,euphoria,train,concurrent,30,medium,-0.4455,-2.045,26.67,-1.743,0.9495,-1.743,0.9495
divine_explorer,hot,train,solo,11,small,-1.2482,-1.1,18.18,-2.8184,0.5188,-2.5046,-0.4508
divine_explorer,hot,train,concurrent,522,large,0.7471,-0.09,49.23,0.4474,1.0555,0.326,1.16
divine_explorer,ice,train,solo,3,small,1.4267,2.06,66.67,-2.58,4.8,-2.58,4.8
divine_explorer,ice,train,concurrent,39,medium,2.0888,2.19,71.79,0.436,3.9128,0.3791,4.0459
divine_explorer,warmup,train,solo,50,medium,0.2384,2.02,54.0,-1.1384,1.5941,-1.3921,1.769
divine_explorer,warmup,train,concurrent,1191,large,1.0035,1.3,54.91,0.7501,1.2496,0.5929,1.4249
divine_explorer,cooldown,validation,solo,13,small,0.9085,2.4,61.54,-1.0885,2.7472,-2.1927,2.8238
divine_explorer,cooldown,validation,concurrent,197,large,0.6651,1.12,53.81,-0.0523,1.3464,-0.8149,1.6029
divine_explorer,euphoria,validation,solo,1,small,2.84,2.84,100.0,,,,
divine_explorer,euphoria,validation,concurrent,17,small,2.3953,2.305,82.35,0.9588,3.8947,0.9588,3.8947
divine_explorer,hot,validation,solo,24,small,-0.0825,-1.29,41.67,-2.4165,2.8538,-2.3022,3.7462
divine_explorer,hot,validation,concurrent,495,large,1.4241,2.1,62.63,1.1313,1.7241,0.9531,1.8333
divine_explorer,ice,validation,solo,3,small,2.1533,2.12,100.0,2.03,2.31,2.12,2.17
divine_explorer,ice,validation,concurrent,37,medium,2.185,2.42,67.57,1.0009,3.3908,1.3817,3.0021
divine_explorer,warmup,validation,solo,42,medium,0.0079,-1.39,47.62,-1.6079,1.5862,-1.5893,1.5211
divine_explorer,warmup,validation,concurrent,708,large,0.2992,-0.465,47.03,-0.0398,0.6078,-0.1399,0.8102
divine_explorer,cooldown,oos,solo,6,small,2.25,4.045,66.67,-3.18,7.165,-3.18,7.265
divine_explorer,cooldown,oos,concurrent,106,large,0.0159,1.795,53.77,-1.3989,1.4103,-2.0706,1.5951
divine_explorer,hot,oos,solo,15,small,1.6113,2.11,53.33,-2.7252,5.9168,-2.1761,6.0673
divine_explorer,hot,oos,concurrent,253,large,0.0291,-0.94,44.27,-0.5225,0.5251,-0.5669,0.7135
divine_explorer,ice,oos,solo,2,small,0.345,0.345,50.0,-3.13,3.82,-3.13,3.82
divine_explorer,ice,oos,concurrent,51,medium,1.2903,0.19,50.98,-0.0047,2.6931,0.1979,2.0693
divine_explorer,warmup,oos,solo,29,small,1.3203,2.32,65.52,-0.8161,3.4549,-0.5626,3.3216
divine_explorer,warmup,oos,concurrent,447,large,-0.3264,-0.35,48.32,-0.823,0.145,-1.0066,0.3517
fairy_guide,cooldown,train,concurrent,20,small,4.5535,7.87,65.0,-2.3086,10.9035,-4.3943,12.2898
fairy_guide,euphoria,train,solo,1,small,11.52,11.52,100.0,,,,
fairy_guide,euphoria,train,concurrent,11,small,0.51,-4.48,45.45,-5.0213,6.0837,-7.93,1.4637
fairy_guide,hot,train,concurrent,76,medium,3.7466,4.73,64.47,1.3804,6.0649,1.4459,6.1255
fairy_guide,ice,train,concurrent,9,small,6.8089,5.62,66.67,-1.7922,15.9424,-0.1011,17.0949
fairy_guide,warmup,train,concurrent,138,large,1.7667,3.49,57.25,-0.1187,3.4768,-0.1149,3.7363
fairy_guide,cooldown,validation,concurrent,17,small,-2.3688,-5.03,47.06,-6.6693,2.5283,-7.1944,3.0685
fairy_guide,euphoria,validation,concurrent,1,small,-2.95,-2.95,0.0,,,,
fairy_guide,hot,validation,concurrent,30,medium,-2.73,-4.965,40.0,-5.9957,0.5567,-6.7503,0.821
fairy_guide,ice,validation,solo,1,small,10.0,10.0,100.0,,,,
fairy_guide,ice,validation,concurrent,2,small,-10.895,-10.895,50.0,-26.15,4.36,-26.15,4.36
fairy_guide,warmup,validation,concurrent,45,medium,3.8241,5.23,62.22,0.795,6.5877,1.1976,6.1121
fairy_guide,cooldown,oos,solo,1,small,2.12,2.12,100.0,,,,
fairy_guide,cooldown,oos,concurrent,7,small,0.2943,2.45,57.14,-5.2683,5.673,-4.9329,5.8388
fairy_guide,hot,oos,solo,1,small,2.17,2.17,100.0,,,,
fairy_guide,hot,oos,concurrent,38,medium,1.0061,3.095,60.53,-1.7545,3.7361,-2.091,4.0444
fairy_guide,ice,oos,concurrent,3,small,5.0,6.39,66.67,0.0,8.61,0.0,8.61
fairy_guide,warmup,oos,concurrent,53,medium,3.3452,3.43,67.92,0.4333,6.4869,0.547,5.8047
fake_yin,cooldown,train,solo,28,small,3.1146,2.775,75.0,0.9027,5.1199,-2.0731,4.8841
fake_yin,cooldown,train,concurrent,402,large,1.2039,2.02,54.98,0.5656,1.8799,-0.1718,2.8176
fake_yin,euphoria,train,solo,27,small,2.3826,3.21,62.96,-0.3313,5.1756,-1.3997,7.2796
fake_yin,euphoria,train,concurrent,172,large,1.1682,1.95,51.16,0.3857,2.0,0.0165,2.4485
fake_yin,hot,train,solo,62,medium,0.9819,2.145,54.84,-0.3634,2.3043,-0.1123,2.04
fake_yin,hot,train,concurrent,2434,large,0.654,-0.37,47.62,0.4548,0.8649,-0.0989,1.4407
fake_yin,ice,train,solo,7,small,-2.0557,-1.96,28.57,-4.8505,0.8329,-2.0717,-1.96
fake_yin,ice,train,concurrent,133,large,1.3333,2.07,57.89,0.3346,2.2929,-0.6009,4.1677
fake_yin,warmup,train,solo,207,large,1.925,2.33,61.35,0.9249,2.8876,0.2508,3.4616
fake_yin,warmup,train,concurrent,4097,large,0.6102,-0.29,48.47,0.4432,0.7678,0.1228,1.0796
fake_yin,cooldown,validation,solo,19,small,-1.4984,-2.83,21.05,-3.5233,0.6252,-2.6381,4.5367
fake_yin,cooldown,validation,concurrent,348,large,0.355,0.46,50.57,-0.271,0.9868,-0.7968,1.0683
fake_yin,euphoria,validation,solo,2,small,5.335,5.335,50.0,-0.81,11.48,-0.81,11.48
fake_yin,euphoria,validation,concurrent,55,medium,5.0176,4.04,85.45,3.6105,6.5648,3.6105,6.5648
fake_yin,hot,validation,solo,30,medium,2.846,2.255,63.33,0.7051,5.1051,0.3684,4.7553
fake_yin,hot,validation,concurrent,1346,large,1.6243,2.09,58.1,1.3423,1.8968,0.8447,2.6913
fake_yin,ice,validation,solo,1,small,-0.62,-0.62,0.0,,,,
fake_yin,ice,validation,concurrent,26,small,1.0456,2.9925,61.54,-1.6909,3.6823,-1.3771,3.1221
fake_yin,warmup,validation,solo,82,medium,-0.523,-1.64,41.46,-1.7491,0.7928,-2.2018,1.512
fake_yin,warmup,validation,concurrent,2228,large,0.2618,-0.595,46.86,0.035,0.4796,-0.3734,0.9741
fake_yin,cooldown,oos,solo,26,small,1.8669,2.125,57.69,-0.4543,4.5159,0.2954,5.2578
fake_yin,cooldown,oos,concurrent,309,large,0.852,2.06,55.66,0.2416,1.5306,-0.3079,2.0497
fake_yin,hot,oos,solo,56,medium,1.4234,2.875,62.5,0.0079,2.7585,0.1824,2.7602
fake_yin,hot,oos,concurrent,1176,large,0.3592,-0.505,47.45,0.065,0.6545,-0.3757,1.0647
fake_yin,ice,oos,solo,3,small,-0.5167,1.26,66.67,-5.04,2.23,-1.89,2.23
fake_yin,ice,oos,concurrent,206,large,1.0427,0.0,44.17,0.5393,1.5248,0.2655,2.3339
fake_yin,warmup,oos,solo,70,medium,1.3224,2.73,67.14,-0.0342,2.5318,-0.245,2.6843
fake_yin,warmup,oos,concurrent,1294,large,0.6492,1.98,52.7,0.3463,0.9622,0.1116,1.1706
gap_proof,cooldown,train,solo,1357,large,1.3516,1.57,66.91,1.1408,1.5729,0.8625,1.7938
gap_proof,cooldown,train,concurrent,2349,large,1.3253,1.56,61.47,1.145,1.5274,0.7308,1.9255
gap_proof,euphoria,train,solo,188,large,0.7207,1.21,53.72,-0.1797,1.6531,-0.6411,5.1418
gap_proof,euphoria,train,concurrent,839,large,0.2958,-0.74,48.15,-0.0344,0.6162,-0.4555,5.2731
gap_proof,hot,train,solo,11224,large,0.5609,1.1925,56.31,0.4868,0.6336,0.2385,0.8547
gap_proof,hot,train,concurrent,25358,large,0.6764,0.71,52.27,0.6224,0.7289,0.3139,1.0117
gap_proof,ice,train,solo,362,large,1.8505,1.61,66.3,1.3285,2.4206,0.7441,2.8622
gap_proof,ice,train,concurrent,898,large,1.3576,1.86,60.69,1.0,1.7568,0.1341,2.4925
gap_proof,warmup,train,solo,16227,large,0.363,1.19,56.21,0.2987,0.4297,0.0343,0.66
gap_proof,warmup,train,concurrent,32024,large,0.4797,0.86,52.55,0.4248,0.5366,0.1423,0.7899
gap_proof,cooldown,validation,solo,1430,large,-0.5817,-0.2325,49.72,-0.8107,-0.3687,-1.7051,0.5106
gap_proof,cooldown,validation,concurrent,2245,large,0.011,0.59,50.65,-0.2055,0.2401,-0.8334,0.704
gap_proof,euphoria,validation,solo,141,large,2.1661,1.745,69.5,1.4319,2.8952,1.4319,2.8952
gap_proof,euphoria,validation,concurrent,399,large,3.2457,2.47,77.19,2.812,3.7111,2.812,3.7111
gap_proof,hot,validation,solo,4627,large,0.7051,1.29,58.63,0.5823,0.8237,0.0937,1.25
gap_proof,hot,validation,concurrent,10986,large,1.178,1.3725,58.46,1.0921,1.2699,0.5278,1.8493
gap_proof,ice,validation,solo,219,large,0.9712,1.59,70.78,0.439,1.4614,-2.2379,1.4315
gap_proof,ice,validation,concurrent,261,large,1.3889,1.87,61.69,0.7473,2.0888,0.8895,1.8838
gap_proof,warmup,validation,solo,9800,large,0.2062,0.6125,52.07,0.1266,0.2844,-0.1156,0.4959
gap_proof,warmup,validation,concurrent,18002,large,0.2663,0.0,49.92,0.1939,0.3349,-0.0318,0.5601
gap_proof,cooldown,oos,solo,1323,large,-0.0911,1.28,54.88,-0.4011,0.2036,-0.7507,0.6791
gap_proof,cooldown,oos,concurrent,2693,large,0.1346,1.14,53.43,-0.0887,0.3368,-0.5505,0.8919
gap_proof,hot,oos,solo,7802,large,0.4986,1.23,54.83,0.3951,0.6039,-0.1122,1.0163
gap_proof,hot,oos,concurrent,14783,large,0.3104,0.39,50.98,0.2306,0.3999,-0.3026,0.8257
gap_proof,ice,oos,solo,335,large,1.1522,0.0,43.28,0.7292,1.5821,0.3849,2.2707
gap_proof,ice,oos,concurrent,721,large,1.213,0.0,46.05,0.923,1.5171,0.4078,2.5772
gap_proof,warmup,oos,solo,8046,large,0.4287,1.36,58.14,0.3207,0.5323,-0.1297,0.9195
gap_proof,warmup,oos,concurrent,14232,large,0.5546,1.26,56.56,0.4655,0.6498,0.1184,0.962
golden_cross,cooldown,train,solo,5,small,1.77,3.61,60.0,-1.866,4.926,-0.28,2.2825
golden_cross,cooldown,train,concurrent,186,large,1.285,2.13,55.91,0.434,2.1921,0.3123,2.1549
golden_cross,euphoria,train,concurrent,46,medium,1.7587,2.395,54.35,0.0877,3.1508,-0.2819,6.4169
golden_cross,hot,train,solo,38,medium,-0.1821,-0.715,42.11,-1.5136,1.0723,-1.6687,0.9604
golden_cross,hot,train,concurrent,1804,large,0.762,-0.105,49.39,0.5053,1.0076,0.3029,1.2156
golden_cross,ice,train,solo,5,small,-0.834,-2.71,40.0,-6.2,4.398,-10.61,4.03
golden_cross,ice,train,concurrent,81,medium,2.4909,2.965,64.2,0.5241,4.7215,-0.6437,5.9554
golden_cross,warmup,train,solo,135,large,0.6027,-0.26,46.67,-0.1006,1.3351,-0.3203,1.583
golden_cross,warmup,train,concurrent,2239,large,0.7831,0.35,50.92,0.5354,1.0434,0.337,1.2346
golden_cross,cooldown,validation,solo,13,small,-0.5592,-2.34,38.46,-2.7719,1.7156,-2.8193,2.6456
golden_cross,cooldown,validation,concurrent,137,large,0.418,-0.36,49.64,-0.5036,1.4228,-0.8695,1.7124
golden_cross,euphoria,validation,concurrent,45,medium,1.9844,2.34,62.22,0.704,3.3147,0.704,3.3147
golden_cross,hot,validation,solo,43,medium,1.1812,2.09,58.14,0.1806,2.2044,0.1977,2.1903
golden_cross,hot,validation,concurrent,791,large,0.8854,1.35,52.21,0.5379,1.2423,0.2002,1.6044
golden_cross,ice,validation,concurrent,25,small,4.0904,3.48,72.0,1.9096,6.5232,2.3347,6.3072
golden_cross,warmup,validation,solo,87,medium,-0.3224,-0.8,36.78,-1.1128,0.3957,-1.0853,0.5174
golden_cross,warmup,validation,concurrent,1292,large,0.2712,-0.535,45.9,-0.0313,0.5881,-0.1351,0.6708
golden_cross,cooldown,oos,solo,24,small,-2.5967,-2.81,25.0,-4.5676,-0.5736,-5.1637,0.6343
golden_cross,cooldown,oos,concurrent,227,large,-0.1177,1.17,50.22,-0.9541,0.8038,-1.3861,1.2717
golden_cross,hot,oos,solo,63,medium,-0.4175,-0.47,46.03,-1.5701,0.6709,-1.6622,0.6504
golden_cross,hot,oos,concurrent,941,large,0.7517,0.98,51.65,0.3793,1.1159,-0.0201,1.5353
golden_cross,ice,oos,solo,9,small,-0.5589,-1.94,33.33,-2.9701,1.9884,-1.8589,3.8625
golden_cross,ice,oos,concurrent,42,medium,0.1382,0.05,50.0,-1.5637,1.7062,-1.1129,1.3564
golden_cross,warmup,oos,solo,108,large,0.5044,-0.545,48.15,-0.6437,1.7719,-1.0174,2.3595
golden_cross,warmup,oos,concurrent,887,large,0.828,1.985,55.81,0.4272,1.2199,0.015,1.7011
ignition,cooldown,train,solo,1,small,-9.02,-9.02,0.0,,,,
ignition,cooldown,train,concurrent,91,medium,2.5371,2.915,71.43,1.5017,3.5637,1.7104,3.4289
ignition,euphoria,train,solo,11,small,4.3936,4.37,72.73,1.2438,7.8491,0.4817,6.2356
ignition,euphoria,train,concurrent,75,medium,2.6628,2.775,70.67,1.5001,3.7812,-1.3072,4.575
ignition,hot,train,solo,17,small,2.1306,2.48,58.82,-1.1499,5.262,-0.8313,5.8395
ignition,hot,train,concurrent,612,large,0.4065,0.0875,50.0,-0.111,0.9187,-0.4223,1.4262
ignition,ice,train,solo,16,small,5.125,3.4,81.25,2.3009,7.936,2.6546,6.701
ignition,ice,train,concurrent,97,medium,4.5522,4.0,76.29,2.6823,6.6226,0.5122,7.7133
ignition,warmup,train,solo,80,medium,2.5784,2.55,63.75,0.9688,4.1864,0.4695,4.7316
ignition,warmup,train,concurrent,1275,large,1.1896,2.0,56.31,0.8199,1.5465,0.617,1.771
ignition,cooldown,validation,solo,3,small,3.83,5.81,66.67,-2.14,7.82,1.835,7.82
ignition,cooldown,validation,concurrent,127,large,0.2476,-0.77,46.46,-0.8491,1.4077,-0.7684,0.9938
ignition,euphoria,validation,concurrent,15,small,2.382,4.16,53.33,-0.68,5.6537,-0.68,5.6537
ignition,hot,validation,solo,10,small,0.31,0.63,50.0,-2.728,3.1761,-3.2827,4.041
ignition,hot,validation,concurrent,390,large,1.0793,1.825,55.38,0.4174,1.768,0.0502,2.1117
ignition,ice,validation,solo,6,small,1.5317,3.48,66.67,-1.8636,4.7909,-5.35,4.74
ignition,ice,validation,concurrent,16,small,4.45,4.325,87.5,2.1407,7.0954,2.3118,10.7378
ignition,warmup,validation,solo,22,small,0.0159,0.57,50.0,-2.605,2.5373,-2.1549,2.5012
ignition,warmup,validation,concurrent,667,large,0.2232,-0.62,48.28,-0.2674,0.6747,-0.4641,0.945
ignition,cooldown,oos,solo,9,small,2.2822,4.5,66.67,-1.3691,5.6656,-2.0838,5.2546
ignition,cooldown,oos,concurrent,143,large,-0.4227,1.96,51.75,-1.6388,0.7765,-1.859,1.0284
ignition,hot,oos,solo,25,small,2.1384,3.06,64.0,-0.787,5.0482,-2.4461,6.4115
ignition,hot,oos,concurrent,814,large,1.2365,2.035,60.2,0.8502,1.5998,0.4388,2.0077
ignition,ice,oos,concurrent,43,medium,1.5528,1.95,55.81,-0.2632,3.3121,-0.9241,2.6998
ignition,warmup,oos,solo,48,medium,0.2367,-0.2,47.92,-1.8055,2.0781,-1.8171,2.2857
ignition,warmup,oos,concurrent,1038,large,0.9662,2.18,60.5,0.5669,1.3709,-0.0049,1.919
island_rev,cooldown,train,solo,1,small,-4.54,-4.54,0.0,,,,
island_rev,cooldown,train,concurrent,4,small,-0.44,-0.58,50.0,-5.845,5.105,-7.135,6.395
island_rev,euphoria,train,solo,2,small,3.27,3.27,100.0,2.64,3.9,2.64,3.9
island_rev,euphoria,train,concurrent,14,small,5.7886,5.48,78.57,2.9088,9.1036,1.5396,9.179
island_rev,hot,train,solo,11,small,-1.8936,-2.01,27.27,-3.7361,-0.1288,-4.0534,0.0601
island_rev,hot,train,concurrent,76,medium,1.4035,2.06,55.26,0.0662,2.7194,-0.115,2.86
island_rev,ice,train,solo,7,small,5.5286,7.73,71.43,0.0774,10.8557,0.0774,10.8557
island_rev,ice,train,concurrent,21,small,2.8229,2.85,61.9,-0.5941,6.3162,-6.998,4.0261
island_rev,warmup,train,solo,56,medium,1.0909,2.215,53.57,-0.6367,2.6962,-0.6516,2.8038
island_rev,warmup,train,concurrent,211,large,0.1117,-0.86,47.39,-0.7,1.0364,-0.675,1.3074
island_rev,cooldown,validation,solo,8,small,1.1437,0.61,50.0,-1.9187,4.4937,-1.27,4.608
island_rev,cooldown,validation,concurrent,29,small,1.5641,2.02,58.62,-0.2977,3.5165,0.2942,3.0137
island_rev,euphoria,validation,concurrent,1,small,3.78,3.78,100.0,,,,
island_rev,hot,validation,concurrent,38,medium,0.2243,-0.515,47.37,-1.604,1.8993,-2.11,2.1564
island_rev,warmup,validation,solo,29,small,-0.4262,-2.66,44.83,-2.2935,1.704,-2.6069,2.1743
island_rev,warmup,validation,concurrent,160,large,0.9524,1.7075,52.5,-0.0874,1.9503,-0.1241,2.4686
island_rev,cooldown,oos,solo,3,small,6.0967,4.64,100.0,2.22,11.43,2.22,11.43
island_rev,cooldown,oos,concurrent,6,small,-5.8183,-6.48,16.67,-10.7102,-0.181,-11.0913,2.246
island_rev,hot,oos,solo,11,small,1.9791,2.64,63.64,-1.6801,6.2922,-2.2356,6.818
island_rev,hot,oos,concurrent,128,large,0.8015,2.19,53.91,-0.1586,1.8201,-0.3902,2.0352
island_rev,ice,oos,concurrent,1,small,-9.33,-9.33,0.0,,,,
island_rev,warmup,oos,solo,22,small,0.7809,2.145,63.64,-0.4972,1.9868,-0.3962,1.9574
island_rev,warmup,oos,concurrent,92,medium,0.4193,-0.19,48.91,-0.7525,1.5524,-0.8001,1.8389
long_yang_seven,cooldown,train,concurrent,110,large,2.3665,2.765,64.55,1.0747,3.6554,1.1074,3.6667
long_yang_seven,euphoria,train,solo,2,small,11.655,11.655,100.0,7.6,15.71,7.6,15.71
long_yang_seven,euphoria,train,concurrent,168,large,2.0386,3.155,64.29,1.1,3.0191,-0.6054,4.0588
long_yang_seven,hot,train,solo,3,small,7.5333,3.25,100.0,3.08,16.27,3.165,16.27
long_yang_seven,hot,train,concurrent,956,large,1.357,2.175,54.92,0.955,1.7726,0.8265,1.8599
long_yang_seven,ice,train,concurrent,42,medium,1.1763,3.825,61.9,-1.4017,3.434,-1.9407,4.5703
long_yang_seven,warmup,train,solo,2,small,-0.63,-0.63,50.0,-4.07,2.81,-4.07,2.81
long_yang_seven,warmup,train,concurrent,1427,large,1.2459,2.22,55.57,0.8394,1.6398,0.6829,1.8072
long_yang_seven,cooldown,validation,concurrent,107,large,-0.5993,-0.8,48.6,-2.114,0.8924,-2.2282,1.044
long_yang_seven,euphoria,validation,concurrent,34,medium,5.2413,5.42,76.47,3.3767,7.2062,3.3767,7.2062
long_yang_seven,hot,validation,concurrent,471,large,1.8299,2.345,59.24,1.2658,2.4711,0.5629,3.4645
long_yang_seven,ice,validation,concurrent,26,small,1.8052,0.495,50.0,-1.0848,4.9766,0.136,2.4511
long_yang_seven,warmup,validation,concurrent,665,large,0.342,-0.68,47.67,-0.1595,0.8881,-0.2932,1.0082
long_yang_seven,cooldown,oos,concurrent,113,large,0.8448,2.49,59.29,-0.6347,2.3739,-1.3833,3.0013
long_yang_seven,hot,oos,concurrent,515,large,1.2737,2.35,57.86,0.7007,1.8674,0.4178,2.0308
long_yang_seven,ice,oos,concurrent,26,small,2.6781,2.8625,53.85,-0.7184,5.9967,-1.0602,5.4074
long_yang_seven,warmup,oos,solo,1,small,-10.74,-10.74,0.0,,,,
long_yang_seven,warmup,oos,concurrent,547,large,0.7137,2.28,56.49,0.1374,1.3367,-0.1516,1.632
lotus,cooldown,train,concurrent,406,large,3.1348,3.57,61.58,2.1987,4.0773,1.3045,5.0893
lotus,euphoria,train,concurrent,251,large,1.4566,2.46,55.78,0.5912,2.3776,-0.2286,3.5729
lotus,hot,train,concurrent,2639,large,1.2409,2.06,52.48,0.9578,1.5324,0.6579,1.8745
lotus,ice,train,concurrent,229,large,3.4522,3.77,66.81,2.2522,4.786,1.5594,5.3946
lotus,warmup,train,concurrent,4021,large,1.3057,2.24,55.09,1.0498,1.5791,0.7936,1.8156
lotus,cooldown,validation,concurrent,319,large,0.9064,2.3,54.86,0.1169,1.732,-0.4068,2.0507
lotus,euphoria,validation,concurrent,68,medium,2.8151,2.34,57.35,1.4918,4.3119,1.4918,4.3119
lotus,hot,validation,concurrent,1276,large,1.2453,2.25,56.19,0.8178,1.6307,-0.1898,2.6518
lotus,ice,validation,concurrent,64,medium,3.1342,3.02,60.94,1.0867,5.0578,1.8258,5.5083
lotus,warmup,validation,concurrent,1973,large,0.3429,-0.17,49.52,0.0102,0.6569,-0.2219,0.8611
lotus,cooldown,oos,concurrent,345,large,0.7299,2.33,56.52,-0.1362,1.5538,-0.4704,2.0249
lotus,hot,oos,concurrent,1252,large,0.8338,2.115,53.59,0.4587,1.2055,0.147,1.4139
lotus,ice,oos,concurrent,76,medium,2.0847,1.89,51.32,0.6498,3.6574,0.6013,3.69
lotus,warmup,oos,concurrent,1632,large,1.0084,2.33,57.29,0.6297,1.3717,0.2785,1.6914
lu_sniper,cooldown,train,solo,436,large,1.2189,2.24,66.51,0.6322,1.776,-0.7342,3.1956
lu_sniper,cooldown,train,concurrent,309,large,2.6203,2.85,66.34,1.7975,3.4886,1.4461,3.8424
lu_sniper,euphoria,train,solo,49,medium,0.8629,1.88,63.27,-0.5758,2.296,-0.2307,4.1284
lu_sniper,euphoria,train,concurrent,38,medium,1.2739,2.045,55.26,-0.673,3.2783,0.365,4.551
lu_sniper,hot,train,solo,1501,large,0.882,1.9,60.49,0.5761,1.1817,0.2367,1.5091
lu_sniper,hot,train,concurrent,1159,large,0.7356,1.43,52.03,0.3882,1.0767,0.1648,1.3694
lu_sniper,ice,train,solo,92,medium,0.5789,1.88,60.87,-0.8115,1.9078,-1.5975,5.6302
lu_sniper,ice,train,concurrent,100,large,4.61,4.83,83.0,3.0346,6.3066,1.513,7.3806
lu_sniper,warmup,train,solo,2610,large,0.4499,1.75,57.43,0.216,0.6863,-0.2196,1.0972
lu_sniper,warmup,train,concurrent,1968,large,0.3037,1.275,51.78,0.0284,0.597,-0.2124,0.8141
lu_sniper,cooldown,validation,solo,278,large,-0.5308,1.545,50.72,-1.3411,0.2613,-2.5346,1.0076
lu_sniper,cooldown,validation,concurrent,255,large,-0.2258,-1.075,46.27,-1.1084,0.6663,-1.7461,1.4561
lu_sniper,euphoria,validation,solo,17,small,3.8276,3.75,82.35,0.6212,6.852,0.6212,6.852
lu_sniper,euphoria,validation,concurrent,24,small,5.7617,4.285,100.0,4.2105,7.6015,4.2105,7.6015
lu_sniper,hot,validation,solo,454,large,0.9319,2.115,58.81,0.3954,1.4671,0.0176,1.884
lu_sniper,hot,validation,concurrent,443,large,1.667,2.195,60.72,1.0581,2.2467,0.4052,2.8891
lu_sniper,ice,validation,solo,31,medium,1.8545,3.65,70.97,-0.4,3.9518,-0.1856,3.7094
lu_sniper,ice,validation,concurrent,36,medium,4.6644,4.39,86.11,2.5377,6.8279,3.8842,5.5197
lu_sniper,warmup,validation,solo,1513,large,0.6207,1.82,56.51,0.2894,0.9188,-0.0305,1.2765
lu_sniper,warmup,validation,concurrent,1093,large,0.626,1.67,53.43,0.2303,1.0051,-0.0715,1.3574
lu_sniper,cooldown,oos,solo,357,large,0.8229,2.07,59.38,0.0788,1.6997,-0.6207,2.3178
lu_sniper,cooldown,oos,concurrent,223,large,1.3826,2.28,58.3,0.3673,2.3467,-0.1528,2.8829
lu_sniper,hot,oos,solo,526,large,1.5106,2.245,65.97,0.9988,2.0158,0.6678,2.3147
lu_sniper,hot,oos,concurrent,528,large,1.1803,2.04,59.28,0.6603,1.7111,0.3549,1.9248
lu_sniper,ice,oos,solo,101,large,0.4927,0.0,41.58,-0.441,1.5012,-0.9211,1.5483
lu_sniper,ice,oos,concurrent,67,medium,1.822,0.265,50.75,0.1269,3.424,-0.1136,4.2796
lu_sniper,warmup,oos,solo,1241,large,0.5459,2.06,59.87,0.1682,0.9277,-0.2414,1.3405
lu_sniper,warmup,oos,concurrent,1082,large,0.7155,2.08,58.41,0.3181,1.1014,0.129,1.3296
ma5_monster,cooldown,train,solo,15,small,3.96,3.57,73.33,0.9611,7.4297,0.1429,5.2004
ma5_monster,cooldown,train,concurrent,338,large,2.0654,2.08,57.69,1.4314,2.708,0.8055,3.5982
ma5_monster,euphoria,train,solo,31,medium,2.9684,3.53,80.65,1.9828,3.8917,2.1373,5.18
ma5_monster,euphoria,train,concurrent,277,large,2.1529,2.5,66.06,1.6822,2.5779,1.2295,3.9003
ma5_monster,hot,train,solo,88,medium,0.9503,-0.215,44.32,-0.1425,2.3258,-0.1268,2.1881
ma5_monster,hot,train,concurrent,2883,large,0.8525,-0.09,48.77,0.7055,1.0145,0.4066,1.2474
ma5_monster,ice,train,solo,2,small,-0.335,-0.335,50.0,-7.03,6.36,-7.03,6.36
ma5_monster,ice,train,concurrent,87,medium,1.091,2.16,55.17,-0.2176,2.4041,-1.9463,3.8624
ma5_monster,warmup,train,solo,126,large,1.6487,2.09,57.14,0.8438,2.5397,0.7732,2.596
ma5_monster,warmup,train,concurrent,3780,large,0.6265,-0.115,48.84,0.464,0.7719,0.2447,1.0255
ma5_monster,cooldown,validation,solo,8,small,-0.2538,-3.425,25.0,-5.1675,7.5117,-4.1629,4.8922
ma5_monster,cooldown,validation,concurrent,228,large,0.4487,0.91,51.75,-0.192,1.0667,-0.8674,1.3861
ma5_monster,euphoria,validation,solo,11,small,2.5164,3.08,72.73,1.2099,3.9737,1.2099,3.9737
ma5_monster,euphoria,validation,concurrent,118,large,2.6501,2.525,79.66,2.1504,3.1564,2.1504,3.1564
ma5_monster,hot,validation,solo,51,medium,0.0596,-0.82,39.22,-0.9114,1.0053,-1.1823,1.4644
ma5_monster,hot,validation,concurrent,1635,large,1.2904,1.74,54.62,1.0945,1.4865,0.7862,1.8391
ma5_monster,ice,validation,solo,5,small,3.34,2.27,80.0,-0.4901,7.084,2.25,3.725
ma5_monster,ice,validation,concurrent,38,medium,1.5063,1.855,57.89,-0.1187,3.2422,-0.6162,3.8493
ma5_monster,warmup,validation,solo,74,medium,0.7134,0.325,50.0,-0.54,2.0539,-0.7871,2.0461
ma5_monster,warmup,validation,concurrent,1911,large,0.2646,-0.43,44.85,0.0517,0.4721,-0.2108,0.6862
ma5_monster,cooldown,oos,solo,15,small,2.7247,3.75,60.0,-0.9653,6.9421,-2.326,6.1125
ma5_monster,cooldown,oos,concurrent,247,large,0.5736,1.96,54.66,-0.1231,1.2123,-0.6437,1.422
ma5_monster,hot,oos,solo,51,medium,1.0427,1.96,50.98,-0.5043,2.4524,-1.8551,2.7967
ma5_monster,hot,oos,concurrent,896,large,0.2209,-0.555,43.53,-0.072,0.509,-0.4296,0.7225
ma5_monster,ice,oos,solo,9,small,-0.0933,0.0,44.44,-4.4961,4.876,-2.2443,14.87
ma5_monster,ice,oos,concurrent,115,large,0.4955,0.0,41.74,-0.3035,1.3262,0.0161,1.5611
ma5_monster,warmup,oos,solo,61,medium,0.4213,1.99,50.82,-1.1771,1.946,-1.2166,2.3427
ma5_monster,warmup,oos,concurrent,1051,large,0.873,1.32,51.57,0.5261,1.2346,0.3023,1.4004
massive_vol,cooldown,train,solo,6,small,0.5833,-0.3,33.33,-0.56,1.8786,-0.426,1.8883
massive_vol,cooldown,train,concurrent,223,large,1.44,2.25,56.05,0.5052,2.4276,-0.062,2.95
massive_vol,euphoria,train,solo,17,small,0.9541,3.19,58.82,-1.5632,3.3069,-4.5575,3.8284
massive_vol,euphoria,train,concurrent,435,large,1.6724,2.3,55.86,1.0952,2.2275,0.3733,3.5212
massive_vol,hot,train,solo,54,medium,0.0919,-0.83,46.3,-0.9791,1.1363,-0.8514,1.1131
massive_vol,hot,train,concurrent,3126,large,0.8306,-0.0675,49.71,0.647,1.0232,0.3152,1.3419
massive_vol,ice,train,solo,7,small,0.08,1.23,57.14,-2.6775,2.6943,-5.29,2.7867
massive_vol,ice,train,concurrent,119,large,1.5083,2.04,58.82,0.4827,2.5351,0.6237,3.2413
massive_vol,warmup,train,solo,83,medium,0.4617,1.83,54.22,-0.5013,1.4011,-0.4677,1.3088
massive_vol,warmup,train,concurrent,4018,large,0.7237,0.81,50.87,0.5394,0.901,0.3504,1.0816
massive_vol,cooldown,validation,concurrent,221,large,-0.1374,-0.11,49.32,-0.9796,0.6797,-1.203,0.8217
massive_vol,euphoria,validation,concurrent,92,medium,3.1563,2.725,73.91,2.122,4.1756,2.122,4.1756
massive_vol,hot,validation,solo,17,small,6.9906,3.17,76.47,2.6422,12.3157,2.4637,13.1382
massive_vol,hot,validation,concurrent,1430,large,1.6955,2.185,56.64,1.3698,2.0241,0.7977,2.7077
massive_vol,ice,validation,solo,2,small,-0.065,-0.065,50.0,-1.6,1.47,-1.6,1.47
massive_vol,ice,validation,concurrent,15,small,0.9087,2.54,60.0,-4.6006,5.0626,-2.2623,3.4441
massive_vol,warmup,validation,solo,22,small,2.4027,2.84,59.09,-0.1422,5.5275,-0.0341,5.4404
massive_vol,warmup,validation,concurrent,1978,large,0.5689,-0.195,48.28,0.3337,0.8184,0.1245,1.0083
massive_vol,cooldown,oos,solo,7,small,-3.0386,-4.04,14.29,-5.113,-0.648,-5.0844,-0.7485
massive_vol,cooldown,oos,concurrent,234,large,0.6191,2.205,55.98,-0.3802,1.7339,-0.4635,1.5485
massive_vol,hot,oos,solo,45,medium,-0.2209,-0.84,42.22,-1.3426,0.8834,-1.4667,0.9668
massive_vol,hot,oos,concurrent,1585,large,0.4539,-0.15,49.21,0.1914,0.724,-0.1563,1.0534
massive_vol,ice,oos,concurrent,72,medium,1.8661,0.0,48.61,0.8099,3.0463,0.1107,3.0451
massive_vol,warmup,oos,solo,35,medium,0.6583,3.1,57.14,-1.4662,2.627,-1.6015,2.5827
massive_vol,warmup,oos,concurrent,1369,large,0.7267,1.96,52.81,0.3716,1.0747,0.1245,1.2993
momentum,cooldown,train,solo,3,small,0.97,2.12,66.67,-1.77,2.56,-1.77,2.56
momentum,cooldown,train,concurrent,89,medium,2.0198,2.28,64.04,0.9195,3.0861,0.1158,3.4678
momentum,euphoria,train,solo,4,small,3.5075,3.24,75.0,0.4425,6.84,-0.75,5.38
momentum,euphoria,train,concurrent,147,large,1.9054,2.185,61.9,1.157,2.6545,-0.6997,4.0587
momentum,hot,train,solo,26,small,2.7031,2.775,61.54,0.3743,5.1595,-0.2753,4.8751
momentum,hot,train,concurrent,1493,large,0.7639,0.195,50.84,0.564,0.9816,0.3094,1.206
momentum,ice,train,solo,7,small,2.23,4.61,57.14,-1.781,6.0269,-3.554,6.01
momentum,ice,train,concurrent,102,large,1.0406,1.65,54.9,-0.2795,2.5812,-1.259,3.2744
momentum,warmup,train,solo,77,medium,0.5761,-0.34,46.75,-0.4285,1.6768,-0.5083,1.5987
momentum,warmup,train,concurrent,2082,large,0.3853,-0.095,49.42,0.1717,0.5961,-0.0327,0.7832
momentum,cooldown,validation,solo,10,small,0.945,-0.625,40.0,-1.6237,3.7874,-0.882,4.4007
momentum,cooldown,validation,concurrent,148,large,-0.0739,-0.815,43.92,-0.7878,0.7254,-1.0488,1.0134
momentum,euphoria,validation,solo,1,small,2.13,2.13,100.0,,,,
momentum,euphoria,validation,concurrent,19,small,3.3184,3.49,73.68,1.4293,5.2498,1.4293,5.2498
momentum,hot,validation,solo,9,small,0.3511,-0.19,44.44,-1.7158,2.449,-1.5565,1.8848
momentum,hot,validation,concurrent,808,large,0.9431,1.62,56.44,0.6811,1.2337,0.1747,1.6132
momentum,ice,validation,solo,1,small,6.73,6.73,100.0,,,,
momentum,ice,validation,concurrent,23,small,1.065,1.68,60.87,-0.9347,2.8481,-0.8628,4.3709
momentum,warmup,validation,solo,46,medium,1.6043,1.98,52.17,0.2686,2.858,0.3099,2.7487
momentum,warmup,validation,concurrent,1322,large,0.1557,-0.62,44.7,-0.0693,0.396,-0.2463,0.6022
momentum,cooldown,oos,solo,5,small,-1.886,-2.89,20.0,-6.59,4.292,-5.615,0.4186
momentum,cooldown,oos,concurrent,194,large,-0.3302,0.6275,51.03,-1.0471,0.3753,-1.3223,0.6711
momentum,hot,oos,solo,46,medium,1.3246,2.015,56.52,0.0664,2.6006,-0.6146,2.763
momentum,hot,oos,concurrent,1059,large,0.5312,0.78,51.75,0.2571,0.8099,-0.05,1.0486
momentum,ice,oos,solo,2,small,-0.145,-0.145,50.0,-3.59,3.3,-3.59,3.3
momentum,ice,oos,concurrent,68,medium,0.5752,0.0,41.18,-0.417,1.7496,-0.6746,3.7344
momentum,warmup,oos,solo,41,medium,-0.292,-2.69,46.34,-2.4484,2.2191,-2.581,2.7701
momentum,warmup,oos,concurrent,1013,large,0.7019,1.64,56.76,0.4015,1.001,0.0895,1.2795
old_duck,cooldown,train,solo,495,large,2.752,3.0,63.03,2.0407,3.3913,0.767,4.7723
old_duck,cooldown,train,concurrent,2630,large,1.8471,2.225,57.95,1.5786,2.1159,0.8219,3.0326
old_duck,euphoria,train,solo,61,medium,0.2267,-1.11,37.7,-0.8366,1.3522,-0.6041,6.8532
old_duck,euphoria,train,concurrent,1035,large,0.8679,0.325,50.43,0.5546,1.1758,0.3341,4.2075
old_duck,hot,train,solo,1298,large,0.8391,-0.12,49.08,0.537,1.1249,0.161,1.4293
old_duck,hot,train,concurrent,22182,large,0.8976,0.3,50.5,0.8214,0.9777,0.4954,1.2771
old_duck,ice,train,solo,153,large,1.6154,2.34,58.82,0.5092,2.7502,-0.6974,5.0032
old_duck,ice,train,concurrent,1036,large,2.3523,2.85,63.51,1.8997,2.8332,0.6297,4.3671
old_duck,warmup,train,solo,2712,large,0.9324,1.99,52.18,0.7352,1.1554,0.3656,1.3909
old_duck,warmup,train,concurrent,29330,large,0.7684,1.01,51.39,0.6977,0.8324,0.4244,1.1368
old_duck,cooldown,validation,solo,323,large,0.5837,2.13,53.25,-0.0851,1.2605,-1.0171,1.7144
old_duck,cooldown,validation,concurrent,2393,large,0.3434,1.28,51.4,0.1008,0.597,-0.5771,1.0493
old_duck,euphoria,validation,solo,33,medium,2.9461,2.58,75.76,1.5256,4.1808,1.5256,4.1808
old_duck,euphoria,validation,concurrent,647,large,3.5549,3.065,77.28,3.1805,3.9485,3.1805,3.9485
old_duck,hot,validation,solo,626,large,1.5237,2.25,59.27,1.1197,1.9506,0.2524,2.6007
old_duck,hot,validation,concurrent,10644,large,1.343,2.01,55.94,1.2256,1.4468,0.5922,2.1685
old_duck,ice,validation,solo,91,medium,1.4974,2.34,60.44,0.5986,2.514,0.1733,2.4859
old_duck,ice,validation,concurrent,363,large,2.7136,2.995,64.46,2.0624,3.373,2.3096,3.3741
old_duck,warmup,validation,solo,1274,large,0.7281,2.01,51.26,0.3669,1.0787,0.0095,1.4929
old_duck,warmup,validation,concurrent,15526,large,0.3807,-0.33,48.18,0.2908,0.4732,0.0324,0.7122
old_duck,cooldown,oos,solo,300,large,0.3599,2.08,52.67,-0.4422,1.1157,-1.1156,1.5214
old_duck,cooldown,oos,concurrent,2233,large,0.7264,2.06,55.17,0.4499,1.0146,-0.1537,1.5713
old_duck,hot,oos,solo,574,large,0.4029,-0.43,48.26,-0.0471,0.88,-0.3841,1.1015
old_duck,hot,oos,concurrent,9449,large,0.7479,1.54,51.86,0.6379,0.8661,0.1877,1.2566
old_duck,ice,oos,solo,95,medium,1.0223,0.0,45.26,0.1183,1.9465,0.1663,2.0035
old_duck,ice,oos,concurrent,749,large,1.5566,0.0,49.4,1.1658,1.9448,0.6144,3.0117
old_duck,warmup,oos,solo,1144,large,0.7071,2.07,52.97,0.3482,1.1187,-0.2959,1.7595
old_duck,warmup,oos,concurrent,11079,large,0.7539,1.99,54.36,0.6304,0.8854,0.2464,1.2775
single_yang,cooldown,train,solo,5,small,3.676,5.97,60.0,-3.946,11.298,-3.87,12.63
single_yang,cooldown,train,concurrent,233,large,2.298,3.4,62.66,1.3918,3.2072,0.4633,4.7469
single_yang,euphoria,train,solo,31,medium,4.5306,5.36,83.87,2.1264,7.1812,1.7616,5.4
single_yang,euphoria,train,concurrent,512,large,3.7723,3.955,75.0,3.2352,4.3101,2.6045,4.6292
single_yang,hot,train,solo,42,medium,1.2276,0.9,50.0,-0.7279,3.2891,-0.9661,4.1877
single_yang,hot,train,concurrent,2668,large,1.4411,2.16,54.61,1.2172,1.6626,0.8714,1.95
single_yang,ice,train,solo,1,small,10.38,10.38,100.0,,,,
single_yang,ice,train,concurrent,88,medium,2.9138,2.52,61.36,0.8183,5.3332,0.0779,6.949
single_yang,warmup,train,solo,48,medium,-1.461,-1.535,41.67,-3.8625,0.6768,-4.8566,1.7065
single_yang,warmup,train,concurrent,3479,large,1.3244,2.22,55.79,1.0903,1.5751,0.8051,1.864
single_yang,cooldown,validation,solo,3,small,-1.6867,-3.32,33.33,-5.11,3.37,-5.11,3.37
single_yang,cooldown,validation,concurrent,265,large,0.7088,-0.31,49.43,-0.1718,1.6288,-0.4252,1.7875
single_yang,euphoria,validation,concurrent,86,medium,3.7707,3.4,79.07,2.829,4.8737,2.829,4.8737
single_yang,hot,validation,solo,11,small,3.7873,2.43,63.64,-0.6676,9.0036,-0.5092,10.3051
single_yang,hot,validation,concurrent,1024,large,1.2852,2.26,56.84,0.8855,1.6521,0.4376,2.1557
single_yang,ice,validation,solo,1,small,2.32,2.32,100.0,,,,
single_yang,ice,validation,concurrent,36,medium,4.6803,5.265,75.0,2.7929,6.5668,2.9459,6.8506
single_yang,warmup,validation,solo,16,small,4.7125,5.465,62.5,0.8123,8.7797,-0.4002,8.604
single_yang,warmup,validation,concurrent,1725,large,0.7321,1.97,50.72,0.422,1.0495,0.0213,1.3889
single_yang,cooldown,oos,solo,11,small,3.7945,5.07,81.82,-2.3619,9.11,-3.3508,10.3965
single_yang,cooldown,oos,concurrent,297,large,0.7964,2.3,55.56,-0.0089,1.6364,-0.9176,2.1474
single_yang,hot,oos,solo,16,small,1.6125,2.185,68.75,-0.0772,3.2195,-0.1587,3.261
single_yang,hot,oos,concurrent,1125,large,1.3811,2.4,59.47,1.0155,1.7259,0.5885,2.1464
single_yang,ice,oos,concurrent,49,medium,2.0508,0.0,48.98,0.2367,4.05,0.3755,3.8497
single_yang,warmup,oos,solo,38,medium,-0.1568,-4.39,42.11,-2.6961,2.4755,-3.691,2.8539
single_yang,warmup,oos,concurrent,1261,large,1.3825,2.365,56.86,0.9809,1.8236,0.6638,2.1001
t1_swing,cooldown,train,solo,204,large,1.7046,1.02,75.0,1.0655,2.3907,0.7078,2.4914
t1_swing,cooldown,train,concurrent,2739,large,1.4435,1.61,60.53,1.2261,1.6691,0.74,2.2104
t1_swing,euphoria,train,solo,1391,large,2.0345,1.64,75.84,1.7643,2.2875,0.8661,2.6677
t1_swing,euphoria,train,concurrent,2622,large,1.706,2.2275,61.02,1.4904,1.9349,0.1564,3.8857
t1_swing,hot,train,solo,3044,large,-0.0824,0.6,50.39,-0.2401,0.0658,-0.8815,0.5478
t1_swing,hot,train,concurrent,30057,large,0.7516,0.75,52.1,0.6985,0.8045,0.3813,1.1096
t1_swing,ice,train,solo,93,medium,0.1177,0.81,56.99,-0.6061,0.8517,-1.3716,0.9753
t1_swing,ice,train,concurrent,906,large,1.2489,1.7,58.06,0.8229,1.671,-0.0095,2.6918
t1_swing,warmup,train,solo,3300,large,0.5633,0.8,58.55,0.4027,0.7359,0.0885,1.0015
t1_swing,warmup,train,concurrent,37268,large,0.5652,0.92,52.53,0.5091,0.6216,0.2239,0.878
t1_swing,cooldown,validation,solo,152,large,-0.267,0.65,51.97,-0.8862,0.4288,-1.2304,0.5417
t1_swing,cooldown,validation,concurrent,2387,large,0.1542,0.975,51.7,-0.0742,0.3849,-0.6725,0.839
t1_swing,euphoria,validation,solo,25,small,2.6136,1.94,76.0,1.0351,4.1258,1.0351,4.1258
t1_swing,euphoria,validation,concurrent,597,large,3.3505,2.6,75.71,2.938,3.7403,2.938,3.7403
t1_swing,hot,validation,solo,558,large,0.5899,0.79,58.42,0.185,1.0204,-0.1992,1.4331
t1_swing,hot,validation,concurrent,13077,large,1.2357,1.46,57.89,1.1465,1.323,0.5205,1.9761
t1_swing,ice,validation,solo,10,small,0.927,0.84,90.0,-0.7791,2.2695,-2.25,2.38
t1_swing,ice,validation,concurrent,262,large,1.5601,1.875,59.92,0.845,2.3525,0.9906,2.2057
t1_swing,warmup,validation,solo,1256,large,0.6139,0.72,56.13,0.3445,0.8859,0.14,1.0552
t1_swing,warmup,validation,concurrent,19966,large,0.3002,-0.005,49.89,0.2311,0.3652,-0.0031,0.6001
t1_swing,cooldown,oos,solo,215,large,0.1479,0.91,60.0,-0.5804,0.8579,-1.0674,1.0092
t1_swing,cooldown,oos,concurrent,2811,large,0.3418,1.24,54.39,0.1179,0.5577,-0.362,1.1253
t1_swing,hot,oos,solo,1361,large,0.1209,0.68,52.53,-0.1516,0.4013,-0.8828,1.2042
t1_swing,hot,oos,concurrent,15962,large,0.3664,0.63,51.23,0.2904,0.4418,-0.2403,0.8983
t1_swing,ice,oos,solo,34,medium,3.9629,2.015,70.59,2.1626,6.0112,0.279,6.7579
t1_swing,ice,oos,concurrent,745,large,0.9258,0.0,42.55,0.6113,1.1999,0.2153,2.2992
t1_swing,warmup,oos,solo,1045,large,0.0469,0.74,55.98,-0.2852,0.38,-0.5978,0.6743
t1_swing,warmup,oos,concurrent,14851,large,0.6152,1.26,56.16,0.5277,0.7055,0.1688,1.0251
three_horse,cooldown,train,solo,5,small,4.834,2.7,80.0,-1.708,11.262,-1.798,11.262
three_horse,cooldown,train,concurrent,1146,large,1.422,2.2,54.54,1.0438,1.8224,0.2983,2.9091
three_horse,euphoria,train,solo,15,small,6.0907,5.97,80.0,2.664,9.6772,2.0033,8.6754
three_horse,euphoria,train,concurrent,993,large,1.1176,2.04,53.58,0.7833,1.4392,0.1018,3.1586
three_horse,hot,train,solo,23,small,2.7665,2.68,69.57,0.432,5.3339,0.516,5.6497
three_horse,hot,train,concurrent,12350,large,1.0147,0.1075,50.12,0.9135,1.1153,0.6134,1.4302
three_horse,ice,train,solo,1,small,-3.84,-3.84,0.0,,,,
three_horse,ice,train,concurrent,408,large,1.3656,2.385,56.86,0.6911,2.0942,-0.6036,3.696
three_horse,warmup,train,solo,60,medium,1.271,2.335,60.0,-0.4431,3.0534,-0.821,3.3605
three_horse,warmup,train,concurrent,15258,large,0.7305,0.51,50.54,0.6269,0.839,0.3301,1.1205
three_horse,cooldown,validation,solo,2,small,1.79,1.79,50.0,-5.19,8.77,-5.19,8.77
three_horse,cooldown,validation,concurrent,1060,large,0.2097,1.645,51.7,-0.1802,0.6308,-0.8233,1.0502
three_horse,euphoria,validation,solo,1,small,3.84,3.84,100.0,,,,
three_horse,euphoria,validation,concurrent,408,large,3.6797,3.21,75.98,3.2088,4.1737,3.2088,4.1737
three_horse,hot,validation,solo,13,small,1.4669,2.3,53.85,-2.848,5.9057,-3.1747,7.7432
three_horse,hot,validation,concurrent,6168,large,1.3484,2.08,55.38,1.1987,1.5105,0.4353,2.3932
three_horse,ice,validation,concurrent,141,large,3.0254,3.61,65.25,1.8098,4.2632,2.2059,3.9726
three_horse,warmup,validation,solo,28,small,-0.4157,-3.145,42.86,-3.8158,2.7312,-3.9497,3.6721
three_horse,warmup,validation,concurrent,8149,large,0.4527,-0.36,48.36,0.3183,0.5972,0.0075,0.8928
three_horse,cooldown,oos,solo,3,small,3.6767,6.26,66.67,-7.82,12.59,-7.82,12.59
three_horse,cooldown,oos,concurrent,906,large,1.3032,2.2,56.62,0.8428,1.7872,0.013,2.2891
three_horse,hot,oos,solo,13,small,3.0992,2.82,61.54,0.0098,6.5899,1.383,4.978
three_horse,hot,oos,concurrent,4212,large,0.7035,1.68,51.26,0.5221,0.8845,0.1456,1.2451
three_horse,ice,oos,concurrent,280,large,1.0547,0.0,43.93,0.4534,1.666,0.2054,2.1352
three_horse,warmup,oos,solo,12,small,-1.0375,0.7,50.0,-4.0417,1.733,-3.9184,1.6369
three_horse,warmup,oos,concurrent,4531,large,0.6402,2.0,52.44,0.436,0.8274,0.0948,1.1621
trend,cooldown,train,concurrent,62,medium,1.8191,2.305,67.74,0.4149,3.2309,-0.8654,3.6973
trend,euphoria,train,solo,3,small,7.9133,7.6,100.0,6.02,10.12,6.81,10.12
trend,euphoria,train,concurrent,115,large,3.4406,3.1,86.09,2.7805,4.1077,1.7073,4.4459
trend,hot,train,solo,3,small,-5.5333,-5.56,33.33,-15.25,4.21,-15.25,4.21
trend,hot,train,concurrent,560,large,0.4885,-0.1125,49.11,0.0882,0.8765,-0.5286,1.5482
trend,ice,train,concurrent,5,small,-0.824,2.15,60.0,-5.242,3.569,-5.7521,4.7637
trend,warmup,train,solo,24,small,2.7146,3.49,66.67,0.2553,4.8421,1.5998,4.1755
trend,warmup,train,concurrent,788,large,1.3429,1.99,57.74,0.9346,1.7127,0.6672,2.0039
trend,cooldown,validation,concurrent,18,small,-1.4542,-2.29,33.33,-3.6638,0.7473,-3.3413,0.0513
trend,euphoria,validation,solo,1,small,2.46,2.46,100.0,,,,
trend,euphoria,validation,concurrent,10,small,4.623,3.605,90.0,2.1295,7.0534,2.1295,7.0534
trend,hot,validation,concurrent,214,large,1.3122,1.85,55.14,0.6315,2.048,0.1492,2.4102
trend,ice,validation,concurrent,3,small,3.1017,2.19,100.0,2.095,5.02,2.1425,5.02
trend,warmup,validation,solo,2,small,-1.755,-1.755,0.0,-2.93,-0.58,-2.93,-0.58
trend,warmup,validation,concurrent,234,large,0.3458,-0.255,48.72,-0.2311,0.987,-0.4907,1.1666
trend,cooldown,oos,concurrent,36,medium,0.6685,1.8825,58.33,-1.187,2.391,-1.3791,2.2841
trend,hot,oos,solo,1,small,-1.94,-1.94,0.0,,,,
trend,hot,oos,concurrent,211,large,0.2529,-0.39,45.97,-0.3205,0.8451,-0.6216,1.0158
trend,ice,oos,concurrent,18,small,1.9508,1.7425,66.67,0.1259,3.7343,-0.4645,5.9835
trend,warmup,oos,solo,3,small,6.74,7.15,100.0,5.65,7.42,5.65,7.42
trend,warmup,oos,concurrent,132,large,1.0735,1.61,53.79,0.2746,1.8899,0.2452,2.0212
