profile_name,pattern_name,market_regime,train_sample_count,train_avg_return,train_excess_return,val_sample_count,val_avg_return,val_excess_return,oos_sample_count,oos_avg_return,oos_excess_return,return_sign_consistent,excess_return_sign_consistent,min_period_sample
divine_explorer,divine_explorer,cooldown,104,1.6651,0.02,210,0.6368,-0.1869,112,0.0565,0.3447,True,False,104
divine_explorer,divine_explorer,euphoria,31,-0.1087,0.2914,18,2.6411,0.1313,0,,,False,True,18
divine_explorer,divine_explorer,hot,533,0.7511,-0.3183,519,1.621,0.494,268,0.0133,-0.4227,True,False,268
divine_explorer,divine_explorer,ice,42,1.9202,1.0389,40,2.0412,0.0145,53,0.9862,0.4716,True,True,40
divine_explorer,divine_explorer,warmup,1241,1.1028,0.2169,750,0.1879,-0.2214,476,-0.23,-0.7526,False,False,476
fairy_guide,fairy_guide,cooldown,20,5.1155,3.3277,17,-2.3688,-1.9222,8,0.5225,0.1515,False,False,8
fairy_guide,fairy_guide,euphoria,12,1.4275,-2.0983,1,-3.7,-6.2098,0,,,False,True,1
fairy_guide,fairy_guide,hot,76,3.7039,2.9024,30,-2.753,-3.9643,39,1.0672,0.5807,False,False,30
fairy_guide,fairy_guide,ice,9,6.9022,4.3649,3,-3.93,-5.8012,3,5.0,4.0051,False,False,3
fairy_guide,fairy_guide,warmup,138,1.8118,1.666,45,3.8882,3.4958,53,3.4615,2.9046,True,True,45
fake_yin,fake_yin,cooldown,430,1.4257,0.1932,367,0.27,-0.1582,335,0.9504,0.996,True,False,335
fake_yin,fake_yin,euphoria,199,1.3958,0.1316,57,4.9546,2.4448,0,,,True,True,57
fake_yin,fake_yin,hot,2496,0.6422,0.0559,1376,1.6693,0.5084,1232,0.4318,0.1,True,True,1232
fake_yin,fake_yin,ice,140,1.2609,-0.0333,27,0.9819,-1.1666,209,1.0231,0.2826,True,False,27
fake_yin,fake_yin,warmup,4304,0.6958,0.1818,2310,0.2287,-0.124,1364,0.6545,0.1536,True,False,1364
gap_proof,gap_proof,cooldown,3706,1.2945,-0.2631,3675,-0.2204,-0.2313,4016,0.055,0.7013,False,False,3675
gap_proof,gap_proof,euphoria,1027,0.3109,-0.1336,540,2.8419,0.3321,0,,,True,False,540
gap_proof,gap_proof,hot,36582,0.6266,-0.1629,15613,0.9776,-0.0871,22585,0.3891,0.0203,True,False,15613
gap_proof,gap_proof,ice,1260,1.4243,-1.0379,480,1.1357,-0.4079,1056,1.2141,0.4179,True,False,480
gap_proof,gap_proof,warmup,48251,0.4316,0.0185,27802,0.2481,-0.1223,22278,0.5243,-0.2597,True,False,22278
gap_proof_v2,gap_proof,cooldown,1543,1.1068,-0.4797,1883,-0.2508,-0.176,1959,-0.088,0.5712,False,False,1543
gap_proof_v2,gap_proof,euphoria,474,-1.1285,-0.8477,260,2.8409,0.3311,0,,,False,False,260
gap_proof_v2,gap_proof,hot,17027,0.7522,-0.142,8037,1.1263,0.0514,10214,0.1301,-0.2901,True,False,8037
gap_proof_v2,gap_proof,ice,650,1.4898,-1.2966,251,1.2951,-0.2722,558,0.9615,-0.0065,True,True,251
gap_proof_v2,gap_proof,warmup,22007,0.4671,0.0171,14050,0.1762,-0.1939,10459,0.3158,-0.4371,True,False,10459
golden_cross,golden_cross,cooldown,191,1.2928,-0.5689,150,0.3479,0.8575,251,-0.3578,0.5055,False,False,150
golden_cross,golden_cross,euphoria,46,1.7654,0.3911,45,1.9696,-0.5402,0,,,True,False,45
golden_cross,golden_cross,hot,1842,0.7866,-0.0092,834,0.8924,-0.0462,1004,0.6979,0.5195,True,False,834
golden_cross,golden_cross,ice,86,2.2997,-0.4887,25,4.1484,2.7724,51,0.1018,-0.8525,True,False,25
golden_cross,golden_cross,warmup,2374,0.7889,0.3639,1379,0.2746,0.2861,995,0.8284,0.3126,True,True,995
island_reversal,island_rev,cooldown,5,-1.194,-2.2665,37,1.7062,2.0423,9,-1.8467,-2.0303,False,False,5
island_reversal,island_rev,euphoria,16,5.4194,1.9352,1,3.27,0.7602,0,,,True,True,1
island_reversal,island_rev,hot,87,0.9344,0.1646,38,-0.0845,-1.0857,139,0.7422,0.4358,False,False,38
island_reversal,island_rev,ice,28,3.5025,0.5223,0,,,1,-9.33,-7.9427,False,False,1
island_reversal,island_rev,warmup,267,0.2368,0.0231,189,0.6445,1.0487,114,0.5309,-0.0689,True,False,114
limitup_pullback,lu_sniper,cooldown,745,1.8173,0.5411,533,-0.3639,-0.227,580,0.9419,0.9183,False,False,533
limitup_pullback,lu_sniper,euphoria,87,1.0046,0.099,41,4.8941,2.3843,0,,,True,True,41
limitup_pullback,lu_sniper,hot,2660,0.7997,0.0945,897,1.2536,0.1352,1054,1.3375,1.0046,True,True,897
limitup_pullback,lu_sniper,ice,192,2.6046,1.1512,67,3.1412,1.4282,168,0.9648,0.0971,True,True,67
limitup_pullback,lu_sniper,warmup,4578,0.3911,-0.0515,2606,0.5833,0.1139,2323,0.5836,0.1782,True,False,2323
long_yang_seven,long_yang_seven,cooldown,110,2.3232,0.8981,107,-0.5051,-0.7732,113,0.8278,1.7713,False,False,107
long_yang_seven,long_yang_seven,euphoria,170,2.3096,-1.3676,34,5.1179,2.6081,0,,,True,False,34
long_yang_seven,long_yang_seven,hot,959,1.4192,0.6736,471,1.8278,0.6389,515,1.296,1.0186,True,True,471
long_yang_seven,long_yang_seven,ice,42,1.2181,-0.3049,26,1.5796,0.4651,26,2.6358,1.4411,True,False,26
long_yang_seven,long_yang_seven,warmup,1429,1.259,0.7454,665,0.3239,0.1429,548,0.7876,0.2413,True,True,548
lotus,lotus,cooldown,406,3.1442,1.0913,319,0.9495,0.9615,345,0.6661,0.999,True,True,319
lotus,lotus,euphoria,251,1.56,-1.7339,68,2.8062,0.2964,0,,,True,False,68
lotus,lotus,hot,2639,1.2543,0.4874,1276,1.2856,0.3162,1252,0.8898,0.7371,True,True,1252
lotus,lotus,ice,229,3.4126,0.4504,64,3.1495,1.7324,76,2.0589,1.177,True,True,64
lotus,lotus,warmup,4021,1.323,0.8376,1973,0.333,-0.0044,1632,1.004,0.4665,True,False,1632
ma5_monster,ma5_monster,cooldown,353,2.2025,0.4211,236,0.3835,0.3914,262,0.7124,0.509,True,True,236
ma5_monster,ma5_monster,euphoria,308,2.2891,-0.4874,129,2.6978,0.188,0,,,True,False,129
ma5_monster,ma5_monster,hot,2971,0.8789,-0.1694,1686,1.3018,0.0696,947,0.2407,-0.3041,True,False,947
ma5_monster,ma5_monster,ice,89,1.1764,-0.6702,43,1.7898,-0.225,124,0.4595,0.5613,True,False,43
ma5_monster,ma5_monster,warmup,3906,0.7056,0.0872,1985,0.3479,-0.0875,1112,0.8025,-0.0069,True,False,1112
massive_volume,massive_vol,cooldown,229,1.4006,-0.2381,221,-0.0522,0.0325,241,0.5118,1.0285,False,False,221
massive_volume,massive_vol,euphoria,452,1.6462,-1.0878,92,3.1867,0.6769,0,,,True,False,92
massive_volume,massive_vol,hot,3180,0.8355,0.1588,1447,1.7618,0.6575,1630,0.4297,0.1139,True,True,1447
massive_volume,massive_vol,ice,126,1.5529,-0.698,17,1.05,-0.541,72,1.8742,0.7931,True,False,17
massive_volume,massive_vol,warmup,4101,0.7326,0.2582,2000,0.6005,0.2708,1404,0.7441,0.2551,True,True,1404
momentum_breakout,breakout,cooldown,372,1.3951,-0.3105,251,-0.2426,-0.6935,289,0.6512,1.7403,False,False,251
momentum_breakout,breakout,euphoria,344,-0.4631,-2.5874,71,3.5062,0.9964,0,,,False,False,71
momentum_breakout,breakout,hot,3375,0.7322,0.0482,1824,1.7339,0.6245,1361,0.2148,-0.0115,True,False,1361
momentum_breakout,breakout,ice,135,1.9894,-1.3658,28,4.7621,3.2754,85,0.2538,-0.809,True,False,28
momentum_breakout,breakout,warmup,3909,0.6965,0.2291,1997,0.2074,-0.1431,1352,0.8466,0.2247,True,False,1352
momentum_v5,breakout,cooldown,2244,2.1924,0.5302,2055,0.3613,0.1477,2176,0.7761,1.3236,True,True,2055
momentum_v5,breakout,euphoria,2519,1.9149,-0.6944,604,3.4723,0.9625,0,,,True,False,604
momentum_v5,breakout,hot,20877,1.0518,0.2372,9652,1.421,0.2449,9234,0.6959,0.4209,True,True,9234
momentum_v5,breakout,ice,872,2.0186,-0.5955,326,2.819,1.1497,598,1.4507,0.505,True,False,326
momentum_v5,breakout,warmup,26801,0.8044,0.3379,13795,0.465,0.0745,10423,0.7924,0.204,True,True,10423
momentum_v5,ignition,cooldown,92,2.4876,-0.3332,130,0.3989,0.4798,152,-0.0576,0.0953,False,False,92
momentum_v5,ignition,euphoria,86,3.0035,-0.74,15,2.4253,-0.0845,0,,,True,True,15
momentum_v5,ignition,hot,629,0.6074,-0.0553,400,1.1148,0.5517,839,1.2543,0.6092,True,False,400
momentum_v5,ignition,ice,113,4.6737,1.512,22,3.765,1.9974,43,1.2702,-0.1745,True,False,22
momentum_v5,ignition,warmup,1355,1.3412,0.6394,689,0.2753,0.0944,1086,0.9333,0.2287,True,True,689
momentum_v5,momentum,cooldown,92,2.0415,-0.502,158,-0.037,-0.1144,199,-0.2749,0.4758,False,False,92
momentum_v5,momentum,euphoria,151,2.0825,-1.0994,20,3.2555,0.7457,0,,,True,False,20
momentum_v5,momentum,hot,1519,0.9123,-0.0493,817,1.1028,-0.0051,1105,0.6297,0.1987,True,False,817
momentum_v5,momentum,ice,109,1.3846,-0.8756,24,1.0521,-0.4817,70,0.4063,-0.4963,True,True,24
momentum_v5,momentum,warmup,2159,0.4442,-0.0479,1368,0.237,-0.0291,1054,0.7084,-0.0234,True,True,1054
momentum_v5,trend,cooldown,62,1.8947,-0.6283,18,-1.5456,-0.8776,36,0.8106,0.7293,False,False,18
momentum_v5,trend,euphoria,118,3.8985,-0.1107,11,4.7736,2.2638,0,,,True,False,11
momentum_v5,trend,hot,563,0.5412,-0.3397,214,1.4168,0.3514,212,0.2728,-0.3932,True,False,212
momentum_v5,trend,ice,5,-0.56,-1.6407,3,3.2233,0.8904,18,2.0061,0.0062,False,False,3
momentum_v5,trend,warmup,812,1.4709,0.435,236,0.4209,0.0631,135,1.195,0.5519,True,True,135
old_duck,old_duck,cooldown,3125,2.0203,0.515,2716,0.4049,0.2786,2533,0.685,1.0714,True,True,2533
old_duck,old_duck,euphoria,1096,0.9946,0.6526,680,3.5317,1.0219,0,,,True,True,680
old_duck,old_duck,hot,23480,0.9315,0.1651,11270,1.3823,0.2726,10023,0.7129,0.4618,True,True,10023
old_duck,old_duck,ice,1189,2.3256,0.0252,454,2.5246,0.7332,844,1.4893,0.6882,True,True,454
old_duck,old_duck,warmup,32042,0.7941,0.3418,16800,0.4143,0.0351,12223,0.7559,0.1904,True,True,12223
single_yang,single_yang,cooldown,238,2.3351,0.4215,268,0.5709,0.3626,308,0.9255,1.1267,True,True,238
single_yang,single_yang,euphoria,543,3.8068,0.0779,86,3.8063,1.2965,0,,,True,True,86
single_yang,single_yang,hot,2710,1.4477,0.6608,1035,1.2684,0.1889,1141,1.4141,0.9618,True,True,1035
single_yang,single_yang,ice,89,3.0258,0.8403,37,4.6205,2.665,49,1.9086,0.6083,True,True,37
single_yang,single_yang,warmup,3527,1.2893,0.7713,1741,0.7925,0.4378,1299,1.347,0.9565,True,True,1299
t1_swing,t1_swing,cooldown,2943,1.2843,-0.4208,2539,-0.0772,-0.28,3026,0.3101,1.0776,False,False,2539
t1_swing,t1_swing,euphoria,4013,1.511,-1.351,622,3.0058,0.496,0,,,True,False,622
t1_swing,t1_swing,hot,33101,0.4767,-0.3096,13635,0.8671,-0.2185,17323,0.263,-0.0101,True,True,13635
t1_swing,t1_swing,ice,999,0.8679,-1.5819,272,1.0876,-0.4562,779,1.0367,0.0216,True,False,272
t1_swing,t1_swing,warmup,40568,0.4115,-0.0758,21222,0.2497,-0.1207,15896,0.4584,-0.2915,True,True,15896
three_horse,three_horse,cooldown,1151,1.411,-0.0235,1062,0.2538,0.2434,909,1.2786,1.8794,True,False,909
three_horse,three_horse,euphoria,1008,1.3593,0.064,409,3.576,1.0662,0,,,True,True,409
three_horse,three_horse,hot,12373,1.0602,0.2878,6181,1.5216,0.3591,4225,0.6953,0.4091,True,True,4225
three_horse,three_horse,ice,409,1.3683,-1.1808,141,2.9687,1.2378,280,0.7368,-0.3263,True,False,141
three_horse,three_horse,warmup,15318,0.8355,0.4366,8177,0.4095,0.0463,4543,0.593,0.0474,True,True,4543
