market_regime,profile_name,pattern_name,year,sample_count,executed_count,win_count,loss_count,win_rate,average_return,median_return,average_win,average_loss,average_holding_days,median_holding_days,baseline_avg_return,avg_excess_return
cooldown,divine_explorer,divine_explorer,2024,6,6,3,3,50.0,-1.1767,0.08,2.2533,-4.6067,2,2.0,1.4357,-2.6124
cooldown,divine_explorer,divine_explorer,2025,178,178,94,84,52.81,0.9481,2.02,4.6072,-3.1467,2.4,2.0,0.8323,0.1158
cooldown,divine_explorer,divine_explorer,2026,242,242,141,101,58.26,0.6261,2.09,4.4652,-4.7334,2.3,2.0,0.6406,-0.0145
cooldown,fairy_guide,fairy_guide,2024,16,16,12,4,75.0,7.5375,9.12,14.6125,-13.6875,1.2,1.0,1.8045,5.733
cooldown,fairy_guide,fairy_guide,2025,14,14,6,8,42.86,-2.3171,-7.365,10.4567,-11.8975,1.1,1.0,-0.1412,-2.1759
cooldown,fairy_guide,fairy_guide,2026,15,15,8,7,53.33,-1.4627,0.16,4.7088,-8.5157,1.3,1,0.2826,-1.7452
cooldown,fake_yin,fake_yin,2024,189,189,117,72,61.9,1.5731,2.72,6.424,-6.3097,1.4,1,1.2061,0.367
cooldown,fake_yin,fake_yin,2025,338,338,173,165,51.18,0.8194,0.465,5.2723,-3.8493,1.8,2.0,0.6551,0.1643
cooldown,fake_yin,fake_yin,2026,605,605,332,273,54.88,0.7541,2.06,4.8789,-4.262,1.7,2,0.3677,0.3864
cooldown,gap_proof,gap_proof,2024,1452,1452,1024,428,70.52,1.7834,1.735,4.1439,-3.8643,1.4,1.0,1.8353,-0.0519
cooldown,gap_proof,gap_proof,2025,3625,3625,2043,1582,56.36,0.4372,1.24,3.403,-3.3929,1.5,1,0.9009,-0.4637
cooldown,gap_proof,gap_proof,2026,6320,6320,3528,2792,55.82,0.0054,1.28,3.7713,-4.7531,1.3,1.0,-0.4293,0.4348
cooldown,gap_proof_v2,gap_proof,2024,409,409,262,147,64.06,1.4621,1.9,4.4351,-3.8369,1.8,1,1.8529,-0.3908
cooldown,gap_proof_v2,gap_proof,2025,1854,1854,1022,832,55.12,0.3874,1.575,3.6123,-3.5739,1.9,1.0,0.9223,-0.5349
cooldown,gap_proof_v2,gap_proof,2026,3122,3122,1676,1446,53.68,-0.0811,1.57,3.9907,-4.8006,1.6,1.0,-0.4651,0.384
cooldown,golden_cross,golden_cross,2024,74,74,39,35,52.7,1.1672,2.155,6.4351,-4.7029,1.4,1.0,1.8254,-0.6582
cooldown,golden_cross,golden_cross,2025,203,203,115,88,56.65,1.3611,2.32,5.1158,-3.5457,1.5,1,0.9915,0.3696
cooldown,golden_cross,golden_cross,2026,315,315,144,171,45.71,-0.4869,-1.29,5.6037,-5.6158,1.4,1,-0.8695,0.3826
cooldown,island_reversal,island_rev,2024,4,4,2,2,50.0,-0.785,-1.27,4.93,-6.5,1.5,1.0,0.7699,-1.5549
cooldown,island_reversal,island_rev,2025,9,9,7,2,77.78,3.3422,5.42,5.52,-4.28,1.8,2,-0.6507,3.9929
cooldown,island_reversal,island_rev,2026,38,38,20,18,52.63,0.3579,2.02,5.017,-4.8189,1.8,1.0,-0.0695,0.4274
cooldown,limitup_pullback,lu_sniper,2024,417,417,261,156,62.59,1.0005,2.14,5.3314,-6.2455,1.4,1,0.9607,0.0398
cooldown,limitup_pullback,lu_sniper,2025,504,504,328,176,65.08,1.5214,2.355,5.3889,-5.6861,1.5,1.0,0.8228,0.6986
cooldown,limitup_pullback,lu_sniper,2026,937,937,528,409,56.35,0.5573,1.87,5.8633,-6.2924,1.4,1,0.0813,0.476
cooldown,long_yang_seven,long_yang_seven,2024,46,46,31,15,67.39,2.7828,2.86,6.7023,-5.3173,1.3,1.0,1.9332,0.8497
cooldown,long_yang_seven,long_yang_seven,2025,95,95,56,39,58.95,1.1919,2.45,6.5984,-6.5713,1.3,1,0.9645,0.2274
cooldown,long_yang_seven,long_yang_seven,2026,189,189,105,84,55.56,0.2847,2.13,6.3631,-7.3135,1.3,1,-0.5382,0.8228
cooldown,lotus,lotus,2024,189,189,132,57,69.84,5.2469,4.51,10.0654,-5.9118,1.3,1,2.5613,2.6856
cooldown,lotus,lotus,2025,374,374,200,174,53.48,1.0083,2.4,7.1041,-5.9985,1.4,1.0,0.9895,0.0187
cooldown,lotus,lotus,2026,507,507,293,214,57.79,0.8689,2.45,6.5269,-6.8779,1.3,1,-0.2749,1.1437
cooldown,ma5_monster,ma5_monster,2024,141,141,99,42,70.21,2.4811,2.5,5.2998,-4.1629,1.5,1,2.207,0.2741
cooldown,ma5_monster,ma5_monster,2025,314,314,158,156,50.32,1.6246,0.29,5.9024,-2.7081,1.9,2.0,0.9102,0.7144
cooldown,ma5_monster,ma5_monster,2026,396,396,211,185,53.28,0.4915,1.97,4.4053,-3.9722,1.8,2.0,0.2103,0.2813
cooldown,massive_volume,massive_vol,2024,90,90,56,34,62.22,2.4092,3.52,7.3132,-5.6679,1.3,1.0,2.2726,0.1366
cooldown,massive_volume,massive_vol,2025,212,212,97,115,45.75,0.225,-0.49,5.6798,-4.3761,1.5,1.0,0.6289,-0.4039
cooldown,massive_volume,massive_vol,2026,389,389,210,179,53.98,0.4319,2.06,5.4874,-5.4991,1.4,1,-0.2721,0.704
cooldown,momentum_breakout,breakout,2024,157,157,91,66,57.96,2.8701,3.61,9.6214,-6.4385,1.3,1,2.3179,0.5523
cooldown,momentum_breakout,breakout,2025,323,323,139,184,43.03,-0.3884,-0.75,6.1232,-5.3076,1.5,1,0.7433,-1.1317
cooldown,momentum_breakout,breakout,2026,432,432,228,204,52.78,0.7434,2.055,5.853,-4.9674,1.4,1.0,-0.396,1.1394
cooldown,momentum_v5,breakout,2024,917,917,590,327,64.34,3.1451,3.4,7.8352,-5.3173,1.3,1,1.9795,1.1656
cooldown,momentum_v5,breakout,2025,2140,2140,1071,1069,50.05,0.908,0.075,6.0207,-4.2142,1.5,1.0,0.8777,0.0303
cooldown,momentum_v5,breakout,2026,3418,3418,1839,1579,53.8,0.7385,2.075,5.712,-5.0541,1.4,1.0,-0.2094,0.9479
cooldown,momentum_v5,ignition,2024,48,48,31,17,64.58,2.1756,2.38,5.1503,-3.2488,1.9,1.0,3.421,-1.2454
cooldown,momentum_v5,ignition,2025,105,105,62,43,59.05,1.8258,3.0,5.7137,-3.78,1.3,1,1.2996,0.5262
cooldown,momentum_v5,ignition,2026,221,221,109,112,49.32,-0.1094,-0.3,6.3236,-6.37,1.3,1,-0.3389,0.2295
cooldown,momentum_v5,momentum,2024,41,41,29,12,70.73,3.0429,3.19,5.2614,-2.3183,1.5,1,3.6359,-0.5929
cooldown,momentum_v5,momentum,2025,149,149,68,81,45.64,0.3354,-0.25,4.4856,-3.1488,1.8,2,1.0453,-0.7099
cooldown,momentum_v5,momentum,2026,259,259,121,138,46.72,-0.1833,-1.17,4.6898,-4.456,1.4,1,-0.8031,0.6198
cooldown,momentum_v5,trend,2024,38,38,28,10,73.68,2.6358,3.595,5.5532,-5.533,1.4,1.0,3.5758,-0.94
cooldown,momentum_v5,trend,2025,29,29,15,14,51.72,0.2007,2.01,3.7933,-3.6486,1.6,1,0.7009,-0.5002
cooldown,momentum_v5,trend,2026,49,49,26,23,53.06,0.2622,2.19,4.6246,-4.6691,1.4,1,-0.1812,0.4435
cooldown,old_duck,old_duck,2024,1276,1276,761,515,59.64,2.23,2.53,7.391,-5.3962,1.4,1.0,1.3943,0.8357
cooldown,old_duck,old_duck,2025,2901,2901,1530,1371,52.74,1.1722,2.05,5.9888,-4.2029,1.6,1,0.9571,0.2151
cooldown,old_duck,old_duck,2026,4197,4197,2286,1911,54.47,0.6915,2.12,5.6714,-5.2657,1.5,1,-0.1161,0.8076
cooldown,single_yang,single_yang,2024,137,137,92,45,67.15,2.319,3.97,7.0189,-7.2898,1.1,1,2.1739,0.1451
cooldown,single_yang,single_yang,2025,218,218,112,106,51.38,1.347,1.995,6.7274,-4.338,1.3,1.0,0.793,0.5539
cooldown,single_yang,single_yang,2026,459,459,246,213,53.59,0.8333,2.21,6.7264,-5.9729,1.3,1,-0.0467,0.88
cooldown,t1_swing,t1_swing,2024,1138,1138,797,341,70.04,2.0363,1.165,4.5436,-3.8236,1.1,1.0,2.3069,-0.2705
cooldown,t1_swing,t1_swing,2025,2813,2813,1612,1201,57.31,0.3261,0.77,3.2577,-3.6088,1.1,1,0.8618,-0.5357
cooldown,t1_swing,t1_swing,2026,4557,4557,2712,1845,59.51,0.2825,0.84,3.4384,-4.3563,1.1,1,-0.4035,0.686
cooldown,three_horse,three_horse,2024,375,375,236,139,62.93,2.0061,2.9,7.0875,-6.6214,1.5,1,1.4937,0.5124
cooldown,three_horse,three_horse,2025,1190,1190,617,573,51.85,0.5978,2.0,6.1081,-5.3355,1.8,1.0,0.7173,-0.1195
cooldown,three_horse,three_horse,2026,1557,1557,925,632,59.41,1.0225,2.33,5.8365,-6.0233,1.7,1,-0.1913,1.2138
euphoria,divine_explorer,divine_explorer,2025,31,31,9,22,29.03,-0.1087,-1.61,5.62,-2.4523,2.4,3,-0.4001,0.2914
euphoria,divine_explorer,divine_explorer,2026,18,18,15,3,83.33,2.6411,2.355,3.5427,-1.8667,2.2,2.0,2.5098,0.1313
euphoria,fairy_guide,fairy_guide,2024,12,12,6,6,50.0,1.4275,0.915,11.1117,-8.2567,1.2,1.0,3.5258,-2.0983
euphoria,fairy_guide,fairy_guide,2026,1,1,0,1,0.0,-3.7,-3.7,0,-3.7,2,2,2.5098,-6.2098
euphoria,fake_yin,fake_yin,2024,87,87,51,36,58.62,1.5168,2.21,5.3345,-3.8917,1.6,1,3.4067,-1.8899
euphoria,fake_yin,fake_yin,2025,112,112,55,57,49.11,1.3018,-0.625,5.9409,-3.1746,1.7,2.0,-0.4001,1.7019
euphoria,fake_yin,fake_yin,2026,57,57,48,9,84.21,4.9546,4.04,6.4206,-2.8644,1.5,1,2.5098,2.4448
euphoria,gap_proof,gap_proof,2024,218,218,179,39,82.11,4.1309,3.5,5.9812,-4.3618,1.3,1.0,3.5789,0.552
euphoria,gap_proof,gap_proof,2025,809,809,354,455,43.76,-0.7185,-1.7,3.398,-3.9212,1.2,1,-0.4001,-0.3184
euphoria,gap_proof,gap_proof,2026,540,540,424,116,78.52,2.8419,1.83,4.2804,-2.4165,1.5,1.0,2.5098,0.3321
euphoria,gap_proof_v2,gap_proof,2024,17,17,9,8,52.94,-1.1318,1.63,3.8644,-6.7525,2.7,1,2.926,-4.0577
euphoria,gap_proof_v2,gap_proof,2025,457,457,166,291,36.32,-1.1284,-2.6,3.5179,-3.7789,1.5,1,-0.4001,-0.7283
euphoria,gap_proof_v2,gap_proof,2026,260,260,196,64,75.38,2.8409,2.205,4.5882,-2.5103,1.8,1.0,2.5098,0.3311
euphoria,golden_cross,golden_cross,2024,18,18,15,3,83.33,5.3672,4.715,6.888,-2.2367,1.2,1.0,4.1346,1.2326
euphoria,golden_cross,golden_cross,2025,28,28,10,18,35.71,-0.55,-1.75,4.655,-3.4417,1.5,1.0,-0.4001,-0.1499
euphoria,golden_cross,golden_cross,2026,45,45,28,17,62.22,1.9696,2.43,4.7454,-2.6024,1.8,2,2.5098,-0.5402
euphoria,island_reversal,island_rev,2024,13,13,12,1,92.31,6.7115,6.22,7.4092,-1.66,1.2,1,4.3805,2.331
euphoria,island_reversal,island_rev,2025,3,3,1,2,33.33,-0.18,-0.51,3.6,-2.07,2.3,3,-0.4001,0.2201
euphoria,island_reversal,island_rev,2026,1,1,1,0,100.0,3.27,3.27,3.27,0,1,1,2.5098,0.7602
euphoria,limitup_pullback,lu_sniper,2024,30,30,26,4,86.67,3.164,2.7,4.2635,-3.9825,1.3,1.0,3.3863,-0.2223
euphoria,limitup_pullback,lu_sniper,2025,57,57,27,30,47.37,-0.1319,-0.9,5.0581,-4.803,1.5,1,-0.4001,0.2682
euphoria,limitup_pullback,lu_sniper,2026,41,41,38,3,92.68,4.8941,4.09,5.7518,-5.97,1.3,1,2.5098,2.3843
euphoria,long_yang_seven,long_yang_seven,2024,135,135,91,44,67.41,2.7868,3.23,6.4767,-4.8445,1.3,1,4.7343,-1.9475
euphoria,long_yang_seven,long_yang_seven,2025,35,35,22,13,62.86,0.4689,2.42,4.555,-6.4462,1.5,1,-0.4001,0.869
euphoria,long_yang_seven,long_yang_seven,2026,34,34,26,8,76.47,5.1179,5.42,7.3562,-2.1562,1.7,1.0,2.5098,2.6081
euphoria,lotus,lotus,2024,188,188,111,77,59.04,1.8919,3.09,7.3124,-5.9221,1.3,1.0,4.5317,-2.6398
euphoria,lotus,lotus,2025,63,63,30,33,47.62,0.5695,-0.99,6.2777,-4.6197,1.2,1,-0.4001,0.9696
euphoria,lotus,lotus,2026,68,68,39,29,57.35,2.8062,2.355,7.0538,-2.9062,1.5,1.0,2.5098,0.2964
euphoria,ma5_monster,ma5_monster,2024,208,208,153,55,73.56,2.8126,3.135,4.3708,-1.5218,1.5,1.0,4.3038,-1.4912
euphoria,ma5_monster,ma5_monster,2025,100,100,55,45,55.0,1.2002,2.06,4.3125,-2.6038,1.6,1.5,-0.4001,1.6003
euphoria,ma5_monster,ma5_monster,2026,129,129,101,28,78.29,2.6978,2.6,3.8258,-1.3711,2.0,2,2.5098,0.188
euphoria,massive_volume,massive_vol,2024,328,328,196,132,59.76,2.2471,3.12,6.2362,-3.6761,1.3,1.0,3.9188,-1.6717
euphoria,massive_volume,massive_vol,2025,124,124,54,70,43.55,0.0567,-1.06,4.9696,-3.7333,1.3,1.0,-0.4001,0.4568
euphoria,massive_volume,massive_vol,2026,92,92,68,24,73.91,3.1867,2.725,5.1751,-2.4471,1.5,1.0,2.5098,0.6769
euphoria,momentum_breakout,breakout,2024,226,226,90,136,39.82,-0.2672,-1.655,6.5192,-4.7582,1.4,1.0,3.4424,-3.7096
euphoria,momentum_breakout,breakout,2025,118,118,35,83,29.66,-0.8381,-2.0,4.642,-3.149,1.6,1.0,-0.4001,-0.438
euphoria,momentum_breakout,breakout,2026,71,71,47,24,66.2,3.5062,2.43,6.1791,-1.7283,1.7,1,2.5098,0.9964
euphoria,momentum_v5,breakout,2024,1745,1745,1146,599,65.67,2.6227,3.24,6.0707,-3.974,1.3,1,3.9441,-1.3214
euphoria,momentum_v5,breakout,2025,774,774,346,428,44.7,0.319,-1.085,5.2088,-3.634,1.3,1.0,-0.4001,0.7191
euphoria,momentum_v5,breakout,2026,604,604,445,159,73.68,3.4723,3.185,5.5233,-2.2678,1.7,1.0,2.5098,0.9625
euphoria,momentum_v5,ignition,2024,79,79,59,20,74.68,3.6423,3.33,5.9863,-3.2725,1.3,1,4.1107,-0.4684
euphoria,momentum_v5,ignition,2025,7,7,1,6,14.29,-4.2057,-5.86,3.39,-5.4717,1,1,-0.4001,-3.8056
euphoria,momentum_v5,ignition,2026,15,15,8,7,53.33,2.4253,4.39,7.9512,-3.89,1.6,1,2.5098,-0.0845
euphoria,momentum_v5,momentum,2024,116,116,83,33,71.55,3.3658,3.52,5.4884,-1.973,1.4,1.0,4.2626,-0.8969
euphoria,momentum_v5,momentum,2025,35,35,7,28,20.0,-2.1709,-2.98,3.4914,-3.5864,1.5,1,-0.4001,-1.7708
euphoria,momentum_v5,momentum,2026,20,20,15,5,75.0,3.2555,3.38,5.192,-2.554,1.6,1.0,2.5098,0.7457
euphoria,momentum_v5,trend,2024,109,109,91,18,83.49,4.3341,3.98,5.4859,-1.4889,1.5,1,4.3733,-0.0392
euphoria,momentum_v5,trend,2025,9,9,3,6,33.33,-1.3778,-1.64,2.6767,-3.405,1.3,1,-0.4001,-0.9777
euphoria,momentum_v5,trend,2026,11,11,10,1,90.91,4.7736,3.91,5.502,-2.51,1.5,1,2.5098,2.2638
euphoria,old_duck,old_duck,2024,200,200,145,55,72.5,3.7613,3.83,6.7157,-4.0275,1.3,1.0,3.6664,0.0949
euphoria,old_duck,old_duck,2025,896,896,394,502,43.97,0.377,-0.945,5.1212,-3.3465,1.5,1.0,-0.4001,0.7771
euphoria,old_duck,old_duck,2026,680,680,523,157,76.91,3.5317,3.275,5.2604,-2.2267,1.7,1.0,2.5098,1.0219
euphoria,single_yang,single_yang,2024,458,458,346,112,75.55,3.9172,3.995,6.4533,-3.9176,1.2,1.0,4.4952,-0.578
euphoria,single_yang,single_yang,2025,85,85,62,23,72.94,3.212,3.9,6.2119,-4.8748,1.1,1,-0.4001,3.6121
euphoria,single_yang,single_yang,2026,86,86,68,18,79.07,3.8063,3.4,5.5044,-2.6089,1.5,1.0,2.5098,1.2965
euphoria,t1_swing,t1_swing,2024,3095,3095,2289,806,73.96,2.0462,1.78,4.0931,-3.767,1.1,1,3.8296,-1.7835
euphoria,t1_swing,t1_swing,2025,918,918,497,421,54.14,-0.2933,0.715,2.8717,-4.0296,1.0,1.0,-0.4001,0.1068
euphoria,t1_swing,t1_swing,2026,622,622,493,129,79.26,3.0058,1.695,4.4168,-2.3867,1.1,1.0,2.5098,0.496
euphoria,three_horse,three_horse,2024,433,433,262,171,60.51,1.6491,2.38,5.5725,-4.3621,1.7,1,3.5469,-1.8977
euphoria,three_horse,three_horse,2025,575,575,318,257,55.3,1.1411,2.1,5.2644,-3.9609,1.9,1,-0.4001,1.5412
euphoria,three_horse,three_horse,2026,409,409,320,89,78.24,3.576,2.96,5.5105,-3.3798,1.8,1,2.5098,1.0662
hot,divine_explorer,divine_explorer,2024,3,3,0,3,0.0,-6.9633,-6.8,0,-6.9633,1.3,1,-2.9959,-3.9674
hot,divine_explorer,divine_explorer,2025,665,665,361,304,54.29,1.0558,2.02,4.0086,-2.4506,2.9,3,1.0843,-0.0284
hot,divine_explorer,divine_explorer,2026,652,652,375,277,57.52,0.865,2.105,3.9142,-3.263,2.4,2.0,0.8585,0.0066
hot,fairy_guide,fairy_guide,2024,16,16,11,5,68.75,4.1238,5.405,8.9864,-6.574,1.1,1.0,-0.6374,4.7612
hot,fairy_guide,fairy_guide,2025,72,72,45,27,62.5,3.2414,4.515,9.8889,-7.8378,1.2,1.0,1.2517,1.9897
hot,fairy_guide,fairy_guide,2026,57,57,28,29,49.12,-1.0321,-3.01,6.8218,-8.6152,1.2,1,0.637,-1.6691
hot,fake_yin,fake_yin,2024,520,520,187,333,35.96,-1.1275,-2.485,4.9304,-4.5294,1.7,2.0,-0.1078,-1.0197
hot,fake_yin,fake_yin,2025,2371,2371,1239,1132,52.26,1.0976,1.96,4.8604,-3.0209,2.0,2,0.8002,0.2973
hot,fake_yin,fake_yin,2026,2213,2213,1205,1008,54.45,1.0916,2.05,4.8863,-3.4446,1.8,2,0.7358,0.3558
hot,gap_proof,gap_proof,2024,5707,5707,2640,3067,46.26,-0.5145,-1.04,3.4071,-3.8901,1.4,1,-0.2788,-0.2357
hot,gap_proof,gap_proof,2025,38922,38922,22400,16522,57.55,0.8362,1.24,3.3711,-2.6004,1.7,1.0,0.9707,-0.1345
hot,gap_proof,gap_proof,2026,30151,30151,17037,13114,56.51,0.5758,1.27,3.8065,-3.6212,1.5,1,0.5852,-0.0094
hot,gap_proof_v2,gap_proof,2024,1971,1971,957,1014,48.55,-0.1794,-0.8,3.8066,-3.9412,1.6,1,0.2383,-0.4177
hot,gap_proof_v2,gap_proof,2025,19237,19237,11088,8149,57.64,0.9162,1.63,3.7309,-2.9137,2.1,2,0.9735,-0.0573
hot,gap_proof_v2,gap_proof,2026,14070,14070,7602,6468,54.03,0.4207,1.59,4.0355,-3.8279,1.8,1.0,0.6367,-0.2161
hot,golden_cross,golden_cross,2024,381,381,159,222,41.73,-0.4568,-1.67,5.3941,-4.6473,1.4,1,-0.4331,-0.0237
hot,golden_cross,golden_cross,2025,2020,2020,1027,993,50.84,1.1264,1.66,4.9114,-2.7882,1.7,2.0,1.0867,0.0396
hot,golden_cross,golden_cross,2026,1279,1279,635,644,49.65,0.6197,-0.08,5.1494,-3.8466,1.6,1,0.3109,0.3088
hot,island_reversal,island_rev,2024,10,10,6,4,60.0,1.034,2.32,4.9917,-4.9025,1.3,1.0,-0.7429,1.7769
hot,island_reversal,island_rev,2025,106,106,57,49,53.77,1.0031,2.09,5.4202,-4.1351,1.9,1.0,0.9257,0.0774
hot,island_reversal,island_rev,2026,148,148,81,67,54.73,0.4363,2.225,5.2349,-5.3651,1.7,1.0,0.3845,0.0518
hot,limitup_pullback,lu_sniper,2024,594,594,320,274,53.87,0.0484,1.72,4.9658,-5.6946,1.5,1.0,0.136,-0.0876
hot,limitup_pullback,lu_sniper,2025,2498,2498,1493,1005,59.77,1.0931,1.9,4.8153,-4.4364,1.8,1.0,0.909,0.1841
hot,limitup_pullback,lu_sniper,2026,1519,1519,949,570,62.48,1.2521,2.15,5.1678,-5.2673,1.5,1,0.5783,0.6738
hot,long_yang_seven,long_yang_seven,2024,176,176,87,89,49.43,0.3842,-1.03,6.9214,-6.0061,1.4,1.0,-0.2168,0.601
hot,long_yang_seven,long_yang_seven,2025,978,978,570,408,58.28,1.6999,2.4,5.9299,-4.2098,1.5,1.0,0.9796,0.7203
hot,long_yang_seven,long_yang_seven,2026,791,791,459,332,58.03,1.4656,2.45,6.1439,-5.0023,1.4,1,0.6297,0.8359
hot,lotus,lotus,2024,467,467,218,249,46.68,0.0355,-0.97,7.3,-6.3246,1.3,1,-0.2445,0.28
hot,lotus,lotus,2025,2654,2654,1457,1197,54.9,1.5336,2.24,6.6094,-4.6447,1.4,1.0,0.9818,0.5518
hot,lotus,lotus,2026,2046,2046,1112,934,54.35,0.9667,2.205,6.3972,-5.4988,1.4,1.0,0.4694,0.4973
hot,ma5_monster,ma5_monster,2024,369,369,146,223,39.57,-0.5683,-1.2,4.3779,-3.8067,1.7,2,0.7168,-1.2851
hot,ma5_monster,ma5_monster,2025,3157,3157,1522,1635,48.21,1.0847,-0.09,4.2268,-1.8402,2.2,2,1.0918,-0.0071
hot,ma5_monster,ma5_monster,2026,2078,2078,1036,1042,49.86,0.8755,-0.045,4.3062,-2.5355,2.0,2.0,0.9608,-0.0853
hot,massive_volume,massive_vol,2024,441,441,147,294,33.33,-1.5833,-3.28,5.7056,-5.2278,1.4,1,-0.8109,-0.7724
hot,massive_volume,massive_vol,2025,3290,3290,1706,1584,51.85,1.3043,1.98,5.2672,-2.9638,1.7,2.0,0.9405,0.3638
hot,massive_volume,massive_vol,2026,2526,2526,1292,1234,51.15,0.9158,1.97,5.4471,-3.8284,1.6,1.0,0.6047,0.3111
hot,momentum_breakout,breakout,2024,469,469,176,293,37.53,-0.6749,-3.24,7.597,-5.6437,1.3,1,-1.0854,0.4105
hot,momentum_breakout,breakout,2025,3462,3462,1693,1769,48.9,1.0556,-0.11,5.5781,-3.2725,1.7,2.0,0.9718,0.0838
hot,momentum_breakout,breakout,2026,2629,2629,1355,1274,51.54,0.9844,2.0,5.718,-4.0501,1.5,1,0.6788,0.3056
hot,momentum_v5,breakout,2024,3138,3138,1259,1879,40.12,-0.3746,-2.645,6.2016,-4.781,1.3,1.0,-0.4026,0.0279
hot,momentum_v5,breakout,2025,21320,21320,10959,10361,51.4,1.3385,1.96,5.4036,-2.9613,1.7,1.0,1.03,0.3085
hot,momentum_v5,breakout,2026,15305,15305,7908,7397,51.67,0.9629,1.99,5.5415,-3.932,1.5,1,0.6664,0.2966
hot,momentum_v5,ignition,2024,256,256,109,147,42.58,-0.6631,-2.715,5.4964,-5.2304,1.3,1.0,0.0997,-0.7628
hot,momentum_v5,ignition,2025,611,611,323,288,52.86,1.4965,2.13,6.4562,-4.066,1.4,1,0.9058,0.5907
hot,momentum_v5,ignition,2026,1001,1001,566,435,56.54,1.1346,2.22,5.3299,-4.3241,1.4,1,0.6037,0.5309
hot,momentum_v5,momentum,2024,358,358,162,196,45.25,0.0542,-0.845,4.4544,-3.5828,1.5,1.0,0.3764,-0.3222
hot,momentum_v5,momentum,2025,1611,1611,765,846,47.49,1.0964,-0.12,4.6814,-2.1454,1.9,2,1.0972,-0.0008
hot,momentum_v5,momentum,2026,1472,1472,756,716,51.36,0.8132,1.975,4.5088,-3.0889,1.7,2.0,0.6384,0.1747
hot,momentum_v5,trend,2024,222,222,71,151,31.98,-1.0317,-2.935,5.5363,-4.1199,1.4,1.0,0.1447,-1.1763
hot,momentum_v5,trend,2025,405,405,220,185,54.32,1.5764,2.1,4.8987,-2.3744,1.8,2,1.2651,0.3113
hot,momentum_v5,trend,2026,362,362,173,189,47.79,0.708,-0.225,4.891,-3.121,1.6,1.0,0.8857,-0.1777
hot,old_duck,old_duck,2024,4115,4115,1666,2449,40.49,-0.5877,-2.1,5.8125,-4.9415,1.5,1,-0.2034,-0.3843
hot,old_duck,old_duck,2025,23557,23557,12224,11333,51.89,1.3011,1.98,5.2922,-3.0038,1.8,2,0.9858,0.3153
hot,old_duck,old_duck,2026,17101,17101,9023,8078,52.76,0.957,2.04,5.3831,-3.9869,1.6,1,0.6219,0.3351
hot,single_yang,single_yang,2024,553,553,251,302,45.39,-0.0784,-1.61,6.0564,-5.1772,1.3,1,-0.0393,-0.0391
hot,single_yang,single_yang,2025,2590,2590,1456,1134,56.22,1.8154,2.28,6.0241,-3.5884,1.4,1.0,0.9964,0.819
hot,single_yang,single_yang,2026,1743,1743,1001,742,57.43,1.2572,2.33,5.7108,-4.751,1.3,1,0.6925,0.5647
hot,t1_swing,t1_swing,2024,6221,6221,2895,3326,46.54,-0.5308,-0.94,3.2682,-3.8375,1.1,1,-0.1417,-0.389
hot,t1_swing,t1_swing,2025,32859,32859,18656,14203,56.78,0.7318,0.74,3.2498,-2.5757,1.2,1,0.9889,-0.2571
hot,t1_swing,t1_swing,2026,24979,24979,14188,10791,56.8,0.4569,0.78,3.517,-3.5665,1.1,1,0.5584,-0.1015
hot,three_horse,three_horse,2024,1529,1529,635,894,41.53,-0.7408,-3.03,5.9184,-5.4708,1.7,1,-0.2821,-0.4587
hot,three_horse,three_horse,2025,12706,12706,7180,5526,56.51,1.3866,2.2,5.4339,-3.8721,2.1,2.0,0.9428,0.4438
hot,three_horse,three_horse,2026,8544,8544,4895,3649,57.29,1.0505,2.23,5.4085,-4.7956,1.9,1.0,0.7494,0.3011
ice,divine_explorer,divine_explorer,2025,56,56,39,17,69.64,2.1216,2.385,4.4823,-3.2941,2,1.0,1.3158,0.8058
ice,divine_explorer,divine_explorer,2026,79,79,44,35,55.7,1.2122,2.2,4.457,-2.8671,1.8,1,0.9073,0.3048
ice,fairy_guide,fairy_guide,2024,4,4,3,1,75.0,7.715,7.82,12.2,-5.74,1.2,1.0,0.7095,7.0054
ice,fairy_guide,fairy_guide,2025,6,6,4,2,66.67,6.8767,5.48,13.8575,-7.085,1.2,1.0,3.7695,3.1072
ice,fairy_guide,fairy_guide,2026,5,5,3,2,60.0,-1.358,4.36,6.4533,-13.075,0.8,1,1.1959,-2.5539
ice,fake_yin,fake_yin,2024,66,66,32,34,48.48,-0.068,-0.61,4.9594,-4.7997,1.7,1.0,0.2558,-0.3238
ice,fake_yin,fake_yin,2025,85,85,55,30,64.71,2.5715,2.24,5.8455,-3.4307,1.7,1,2.2719,0.2996
ice,fake_yin,fake_yin,2026,225,225,102,123,45.33,0.9012,0.0,4.0708,-1.7272,1.2,1,0.8177,0.0835
ice,gap_proof,gap_proof,2024,218,218,139,79,63.76,1.3279,1.68,5.1144,-5.3344,1.3,1.0,1.7058,-0.3779
ice,gap_proof,gap_proof,2025,1099,1099,708,391,64.42,1.4656,1.51,4.1388,-3.3749,1.4,1,2.6203,-1.1547
ice,gap_proof,gap_proof,2026,1479,1479,776,703,52.47,1.1641,1.11,3.7934,-1.7383,1.1,1,0.9685,0.1956
ice,gap_proof_v2,gap_proof,2024,54,54,43,11,79.63,3.4693,2.825,5.1912,-3.2618,1.5,1.0,4.4581,-0.9888
ice,gap_proof_v2,gap_proof,2025,636,636,401,235,63.05,1.3139,1.83,4.3344,-3.8402,1.9,1.0,2.634,-1.3201
ice,gap_proof_v2,gap_proof,2026,769,769,422,347,54.88,1.0494,1.55,4.0791,-2.6351,1.4,1,1.0777,-0.0283
ice,golden_cross,golden_cross,2024,21,21,16,5,76.19,2.721,4.01,5.5394,-6.298,1.5,1,4.0227,-1.3017
ice,golden_cross,golden_cross,2025,70,70,42,28,60.0,2.29,3.085,7.2631,-5.1696,1.3,1.0,2.4059,-0.1159
ice,golden_cross,golden_cross,2026,71,71,38,33,53.52,1.2568,0.2,4.8682,-2.9018,1.1,1,0.9856,0.2712
ice,island_reversal,island_rev,2025,28,28,19,9,67.86,3.5025,2.855,7.6989,-5.3567,1.9,1.0,2.9802,0.5223
ice,island_reversal,island_rev,2026,1,1,0,1,0.0,-9.33,-9.33,0,-9.33,1,1,-1.3873,-7.9427
ice,limitup_pullback,lu_sniper,2024,102,102,69,33,67.65,1.6549,2.04,5.4361,-6.2512,1.5,1.0,0.6534,1.0015
ice,limitup_pullback,lu_sniper,2025,112,112,86,26,76.79,3.5816,4.755,7.1473,-8.2127,1.3,1.0,2.4109,1.1707
ice,limitup_pullback,lu_sniper,2026,213,213,113,100,53.05,1.4211,1.78,5.6338,-3.3392,1.0,1,0.9528,0.4684
ice,long_yang_seven,long_yang_seven,2024,15,15,7,8,46.67,-0.3873,-1.04,8.6457,-8.2912,1.4,1,1.6312,-2.0185
ice,long_yang_seven,long_yang_seven,2025,27,27,19,8,70.37,2.11,4.17,6.2553,-7.735,1.3,1,1.4629,0.6471
ice,long_yang_seven,long_yang_seven,2026,52,52,27,25,51.92,2.1077,2.12,8.2685,-4.546,1.2,1.0,1.1546,0.9531
ice,lotus,lotus,2024,52,52,33,19,63.46,3.9329,4.855,9.6842,-6.0563,1.2,1.0,0.9312,3.0017
ice,lotus,lotus,2025,189,189,129,60,68.25,3.4684,3.77,7.8526,-5.9577,1.3,1,3.4992,-0.0309
ice,lotus,lotus,2026,128,128,69,59,53.91,2.1837,2.265,6.99,-3.4373,1.2,1.0,0.9866,1.197
ice,ma5_monster,ma5_monster,2024,32,32,15,17,46.88,0.5809,-0.22,5.926,-4.1353,1.6,1.0,0.8784,-0.2975
ice,ma5_monster,ma5_monster,2025,81,81,47,34,58.02,1.2895,2.16,5.0774,-3.9468,1.6,1,2.458,-1.1685
ice,ma5_monster,ma5_monster,2026,143,143,65,78,45.45,0.8084,0.0,4.708,-2.4413,1.2,1,0.078,0.7303
ice,massive_volume,massive_vol,2024,21,21,15,6,71.43,4.1905,4.03,9.0673,-8.0017,1,1,1.7667,2.4237
ice,massive_volume,massive_vol,2025,109,109,59,50,54.13,0.9607,1.47,4.2597,-2.932,1.9,2,2.3577,-1.3969
ice,massive_volume,massive_vol,2026,85,85,43,42,50.59,1.8321,0.33,6.0286,-2.4643,1.1,1,1.1106,0.7215
ice,momentum_breakout,breakout,2024,29,29,18,11,62.07,3.7903,5.99,10.0722,-6.4891,1.3,1,1.208,2.5823
ice,momentum_breakout,breakout,2025,111,111,53,58,47.75,1.4075,-0.65,7.8125,-4.4453,1.4,1,3.883,-2.4756
ice,momentum_breakout,breakout,2026,108,108,53,55,49.07,1.4568,0.0,5.9662,-2.8887,1.4,1.0,1.1006,0.3561
ice,momentum_v5,breakout,2024,218,218,126,92,57.8,2.115,3.145,8.0299,-5.9859,1.3,1.0,1.1621,0.9529
ice,momentum_v5,breakout,2025,733,733,444,289,60.57,2.2041,3.07,6.3059,-4.0975,1.4,1,3.0465,-0.8424
ice,momentum_v5,breakout,2026,845,845,445,400,52.66,1.7397,1.97,5.7249,-2.6938,1.2,1,1.0685,0.6712
ice,momentum_v5,ignition,2024,12,12,8,4,66.67,1.38,3.675,6.7237,-9.3075,1,1.0,2.8561,-1.4761
ice,momentum_v5,ignition,2025,104,104,81,23,77.88,5.2516,4.425,7.9677,-4.3135,1.3,1.0,3.1813,2.0704
ice,momentum_v5,ignition,2026,62,62,37,25,59.68,1.6589,2.455,5.2873,-3.7112,1.1,1.0,1.5025,0.1564
ice,momentum_v5,momentum,2024,6,6,4,2,66.67,2.67,7.395,8.3025,-8.595,1,1.0,3.8768,-1.2068
ice,momentum_v5,momentum,2025,112,112,62,50,55.36,1.3382,2.095,5.3935,-3.6904,1.6,1.0,2.2024,-0.8642
ice,momentum_v5,momentum,2026,85,85,33,52,38.82,0.4554,0.0,4.7261,-2.2548,1.3,1,0.8991,-0.4436
ice,momentum_v5,trend,2024,3,3,1,2,33.33,-3.95,-6.52,2.33,-7.09,1,1,0.8146,-4.7646
ice,momentum_v5,trend,2025,2,2,2,0,100.0,4.525,4.525,4.525,0,2,2.0,1.4799,3.0451
ice,momentum_v5,trend,2026,21,21,14,7,66.67,2.18,2.27,4.0871,-1.6343,1.7,1,2.0475,0.1325
ice,old_duck,old_duck,2024,321,321,184,137,57.32,1.7678,2.47,7.2024,-5.5312,1.4,1,1.0102,0.7577
ice,old_duck,old_duck,2025,997,997,642,355,64.39,2.5884,3.17,6.3852,-4.2779,1.5,1,2.7571,-0.1687
ice,old_duck,old_duck,2026,1169,1169,607,562,51.92,1.7282,1.03,5.6272,-2.4831,1.2,1,0.9851,0.743
ice,single_yang,single_yang,2024,26,26,17,9,65.38,2.8508,3.19,9.6488,-9.99,1.1,1.0,1.9756,0.8751
ice,single_yang,single_yang,2025,71,71,44,27,61.97,3.5411,3.21,7.4884,-2.8915,1.5,1,2.3112,1.2299
ice,single_yang,single_yang,2026,78,78,44,34,56.41,2.6697,3.375,7.327,-3.3574,1.1,1.0,1.4758,1.1939
ice,t1_swing,t1_swing,2024,203,203,119,84,58.62,0.5112,0.94,4.8722,-5.6669,1.1,1,1.5416,-1.0305
ice,t1_swing,t1_swing,2025,851,851,529,322,62.16,1.0635,0.95,3.7316,-3.3199,1.1,1,2.6774,-1.6139
ice,t1_swing,t1_swing,2026,996,996,496,500,49.8,0.9656,0.0,3.8892,-1.9347,0.9,1.0,1.071,-0.1054
ice,three_horse,three_horse,2024,115,115,70,45,60.87,1.7878,2.82,7.4516,-7.0224,1.3,1,1.2542,0.5336
ice,three_horse,three_horse,2025,333,333,194,139,58.26,1.5348,2.4,6.2403,-5.0325,1.8,1,3.0044,-1.4695
ice,three_horse,three_horse,2026,382,382,191,191,50.0,1.2246,0.24,6.033,-3.5837,1.5,1.0,1.1508,0.0739
warmup,divine_explorer,divine_explorer,2024,31,31,17,14,54.84,0.8835,2.13,4.7576,-3.8207,1.9,1,-1.2849,2.1685
warmup,divine_explorer,divine_explorer,2025,1566,1566,893,673,57.02,1.0302,2.09,4.2228,-3.2061,2.6,2.0,0.8322,0.198
warmup,divine_explorer,divine_explorer,2026,870,870,411,459,47.24,-0.2766,-0.855,4.2971,-4.3719,2.2,2.0,0.4503,-0.7268
warmup,fairy_guide,fairy_guide,2024,23,23,11,12,47.83,-0.3617,-4.29,10.53,-10.3458,1,1,-0.4291,0.0673
warmup,fairy_guide,fairy_guide,2025,146,146,87,59,59.59,2.657,4.325,10.1078,-8.3298,1.2,1.0,0.2481,2.4089
warmup,fairy_guide,fairy_guide,2026,67,67,45,22,67.16,3.4158,3.59,9.0469,-8.1023,1.2,1,0.6111,2.8047
warmup,fake_yin,fake_yin,2024,386,386,148,238,38.34,-0.9445,-1.94,5.8014,-5.1394,1.6,1.0,-1.519,0.5745
warmup,fake_yin,fake_yin,2025,5112,5112,2551,2561,49.9,0.7173,-0.1,4.9058,-3.4547,1.9,2.0,0.6583,0.059
warmup,fake_yin,fake_yin,2026,2480,2480,1276,1204,51.45,0.4489,1.955,5.0627,-4.4409,1.7,2.0,0.3755,0.0734
warmup,gap_proof,gap_proof,2024,4148,4148,1843,2305,44.43,-0.8758,-1.19,3.7767,-4.5957,1.3,1.0,-1.3195,0.4437
warmup,gap_proof,gap_proof,2025,59268,59268,32953,26315,55.6,0.4709,1.2,3.4249,-3.2282,1.6,1.0,0.5564,-0.0855
warmup,gap_proof,gap_proof,2026,34915,34915,19906,15009,57.01,0.4332,1.29,3.7788,-4.004,1.4,1,0.5783,-0.1451
warmup,gap_proof_v2,gap_proof,2024,1502,1502,675,827,44.94,-0.4435,-1.03,4.1441,-4.1879,1.7,1.0,-0.8427,0.3992
warmup,gap_proof_v2,gap_proof,2025,28268,28268,15286,12982,54.08,0.4488,1.54,3.8111,-3.5102,2.0,1.0,0.5313,-0.0825
warmup,gap_proof_v2,gap_proof,2026,16746,16746,9107,7639,54.38,0.2412,1.59,3.9751,-4.2102,1.7,1.0,0.551,-0.3098
warmup,golden_cross,golden_cross,2024,216,216,78,138,36.11,-1.2135,-2.115,6.1591,-5.3806,1.4,1.0,-1.261,0.0475
warmup,golden_cross,golden_cross,2025,2886,2886,1422,1464,49.27,0.848,-0.095,5.2406,-3.4185,1.7,1.0,0.507,0.341
warmup,golden_cross,golden_cross,2026,1646,1646,814,832,49.45,0.541,-0.08,5.6071,-4.4155,1.4,1.0,0.1915,0.3495
warmup,island_reversal,island_rev,2024,8,8,3,5,37.5,-2.6338,-2.485,3.2667,-6.174,2.4,2.0,-0.396,-2.2377
warmup,island_reversal,island_rev,2025,338,338,177,161,52.37,0.6694,2.02,5.3782,-4.5074,2.0,1.0,0.1961,0.4733
warmup,island_reversal,island_rev,2026,224,224,107,117,47.77,0.1802,-0.665,5.3979,-4.5916,2.0,1.0,-0.0629,0.243
warmup,limitup_pullback,lu_sniper,2024,578,578,242,336,41.87,-1.7862,-4.07,5.4901,-7.0269,1.3,1.0,-1.6701,-0.1161
warmup,limitup_pullback,lu_sniper,2025,5175,5175,2993,2182,57.84,0.6237,1.81,4.759,-5.0487,1.6,1,0.7099,-0.0863
warmup,limitup_pullback,lu_sniper,2026,3754,3754,2205,1549,58.74,0.6583,1.96,5.3201,-5.9778,1.4,1.0,0.3949,0.2634
warmup,long_yang_seven,long_yang_seven,2024,232,232,108,124,46.55,-0.2434,-1.245,7.6647,-7.131,1.2,1.0,-0.028,-0.2154
warmup,long_yang_seven,long_yang_seven,2025,1508,1508,858,650,56.9,1.2977,2.29,6.1872,-5.1563,1.4,1.0,0.5722,0.7255
warmup,long_yang_seven,long_yang_seven,2026,902,902,486,416,53.88,0.6049,2.185,6.137,-5.8581,1.4,1.0,0.3296,0.2753
warmup,lotus,lotus,2024,515,515,244,271,47.38,-0.5238,-1.41,7.775,-7.9959,1.2,1,-0.255,-0.2688
warmup,lotus,lotus,2025,4594,4594,2540,2054,55.29,1.3493,2.26,6.8329,-5.4319,1.4,1.0,0.5608,0.7884
warmup,lotus,lotus,2026,2517,2517,1365,1152,54.23,0.67,2.17,6.3991,-6.1184,1.3,1,0.417,0.253
warmup,ma5_monster,ma5_monster,2024,329,329,132,197,40.12,-0.3543,-1.2,5.5795,-4.3303,1.7,2,-1.1589,0.8046
warmup,ma5_monster,ma5_monster,2025,4682,4682,2251,2431,48.08,0.7052,-0.15,4.3367,-2.6573,2.0,2.0,0.7414,-0.0361
warmup,ma5_monster,ma5_monster,2026,1992,1992,953,1039,47.84,0.5791,-0.2,5.0093,-3.4844,1.8,2.0,0.5471,0.032
warmup,massive_volume,massive_vol,2024,330,330,143,187,43.33,-0.7067,-1.71,6.5279,-6.239,1.3,1.0,-0.5104,-0.1963
warmup,massive_volume,massive_vol,2025,4796,4796,2368,2428,49.37,0.7292,-0.09,5.2973,-3.726,1.6,1.0,0.528,0.2012
warmup,massive_volume,massive_vol,2026,2379,2379,1235,1144,51.91,0.8348,1.99,5.653,-4.3667,1.5,1,0.39,0.4449
warmup,momentum_breakout,breakout,2024,368,368,156,212,42.39,-1.0637,-2.4,8.1258,-7.8258,1.3,1.0,-0.4213,-0.6424
warmup,momentum_breakout,breakout,2025,4573,4573,2231,2342,48.79,0.7444,-0.17,5.9241,-4.1899,1.6,1,0.5466,0.1978
warmup,momentum_breakout,breakout,2026,2317,2317,1177,1140,50.8,0.5477,1.95,5.9088,-4.9874,1.5,1,0.4418,0.1059
warmup,momentum_v5,breakout,2024,2814,2814,1192,1622,42.36,-0.6867,-2.01,6.6359,-6.0681,1.3,1.0,-0.7756,0.0889
warmup,momentum_v5,breakout,2025,31207,31207,15536,15671,49.78,0.859,-0.05,5.583,-3.8243,1.6,1,0.5923,0.2667
warmup,momentum_v5,breakout,2026,16998,16998,8726,8272,51.34,0.6681,1.99,5.7257,-4.667,1.4,1.0,0.4541,0.214
warmup,momentum_v5,ignition,2024,229,229,133,96,58.08,1.2611,2.36,6.2848,-5.6988,1.3,1,0.5867,0.6745
warmup,momentum_v5,ignition,2025,1518,1518,792,726,52.17,1.0998,2.045,5.9141,-4.1522,1.4,1.0,0.6286,0.4712
warmup,momentum_v5,ignition,2026,1383,1383,769,614,55.6,0.7681,2.22,5.6904,-5.3968,1.3,1,0.5439,0.2242
warmup,momentum_v5,momentum,2024,200,200,76,124,38.0,-0.9075,-1.685,4.328,-4.1164,1.5,1.0,-0.4325,-0.475
warmup,momentum_v5,momentum,2025,2905,2905,1326,1579,45.65,0.5391,-0.32,4.6761,-2.9351,1.7,2,0.5364,0.0027
warmup,momentum_v5,momentum,2026,1476,1476,702,774,47.56,0.4372,-0.235,4.8056,-3.5248,1.6,1.0,0.4918,-0.0546
warmup,momentum_v5,trend,2024,207,207,118,89,57.0,1.548,2.23,5.8111,-4.1043,1.4,1,1.1144,0.4335
warmup,momentum_v5,trend,2025,757,757,412,345,54.43,1.3059,2.07,4.9629,-3.0613,1.7,1,0.9333,0.3726
warmup,momentum_v5,trend,2026,219,219,104,115,47.49,0.6669,-0.45,5.7377,-3.9188,1.5,1,0.3435,0.3234
warmup,old_duck,old_duck,2024,3010,3010,1192,1818,39.6,-1.1722,-1.99,5.7759,-5.7278,1.4,1.0,-1.3743,0.2021
warmup,old_duck,old_duck,2025,37807,37807,19043,18764,50.37,0.8506,0.86,5.484,-3.8517,1.7,1,0.6094,0.2412
warmup,old_duck,old_duck,2026,20248,20248,10535,9713,52.03,0.6427,2.02,5.6289,-4.7655,1.5,1.0,0.4382,0.2045
warmup,single_yang,single_yang,2024,448,448,223,225,49.78,-0.2545,-0.125,6.4026,-6.8524,1.2,1.0,-0.2122,-0.0423
warmup,single_yang,single_yang,2025,3833,3833,2094,1739,54.63,1.4306,2.21,6.3108,-4.4457,1.4,1,0.632,0.7986
warmup,single_yang,single_yang,2026,2286,2286,1230,1056,53.81,1.0093,2.17,6.2692,-5.1172,1.3,1.0,0.2731,0.7363
warmup,t1_swing,t1_swing,2024,4681,4681,2398,2283,51.23,-0.4522,0.63,3.8271,-4.9472,1.1,1,-0.1634,-0.2888
warmup,t1_swing,t1_swing,2025,46942,46942,26218,20724,55.85,0.4507,0.72,3.3406,-3.2054,1.2,1.0,0.551,-0.1004
warmup,t1_swing,t1_swing,2026,26063,26063,14981,11082,57.48,0.393,0.79,3.54,-3.8612,1.1,1,0.5543,-0.1613
warmup,three_horse,three_horse,2024,1266,1266,518,748,40.92,-1.4398,-2.645,5.5642,-6.2901,1.6,1.0,-1.3837,-0.0561
warmup,three_horse,three_horse,2025,18201,18201,9950,8251,54.67,0.9095,2.11,5.6078,-4.7561,1.9,1,0.5475,0.3621
warmup,three_horse,three_horse,2026,8571,8571,4593,3978,53.59,0.4793,2.11,5.6735,-5.5178,1.7,1,0.3904,0.089
