pattern_name,presence_type,regime,n_events,sample_label,mean_return,median_return,win_rate,mean_excess,mean_ci_lower,mean_ci_upper,win_rate_ci_lower,win_rate_ci_upper,excess_ci_lower,excess_ci_upper,theme_lifecycle
breakout,solo,cooldown,43,medium,1.7805,3.15,62.79,1.573,0.0718,3.4173,48.8372,76.7442,-0.1299,3.2439,NOT_AVAILABLE
breakout,solo,hot,104,large,0.8257,2.195,53.85,0.6204,-0.4977,2.3549,44.2308,62.5,-0.5903,2.0935,NOT_AVAILABLE
breakout,solo,ice,9,small,-3.0822,-3.8,22.22,-3.4787,-7.5236,0.9037,0.0,44.7222,-6.9952,-0.523,NOT_AVAILABLE
breakout,solo,warmup,198,large,1.2417,2.385,58.59,0.847,0.2581,2.1635,51.5152,65.6566,-0.0526,1.7763,NOT_AVAILABLE
breakout,concurrent_any,cooldown,2176,large,0.7695,2.05,54.92,1.3007,0.4585,1.0702,52.9389,56.9393,1.027,1.5896,NOT_AVAILABLE
breakout,concurrent_any,hot,9234,large,0.6844,1.1125,51.57,0.3802,0.5676,0.8058,50.5845,52.6207,0.2647,0.4886,NOT_AVAILABLE
breakout,concurrent_any,ice,598,large,1.3875,0.0,49.5,0.3947,0.9982,1.797,45.6522,53.5117,0.0062,0.7981,NOT_AVAILABLE
breakout,concurrent_any,warmup,10423,large,0.7651,1.985,54.56,0.1448,0.643,0.8894,53.6602,55.5217,0.027,0.2702,NOT_AVAILABLE
breakout,concurrent_2,cooldown,182,large,0.9499,2.19,55.49,0.8438,-0.0469,2.0464,48.3516,63.1868,-0.0666,1.8922,NOT_AVAILABLE
breakout,concurrent_2,hot,580,large,0.7116,1.03,52.41,0.5179,0.2268,1.2114,48.2716,56.3793,0.0726,0.9847,NOT_AVAILABLE
breakout,concurrent_2,ice,41,medium,1.4723,1.98,60.98,0.8302,0.1424,2.793,46.3415,75.6098,-0.441,2.0807,NOT_AVAILABLE
breakout,concurrent_2,warmup,814,large,1.1086,2.275,57.25,0.6095,0.6016,1.6006,53.6855,60.5651,0.1288,1.0713,NOT_AVAILABLE
breakout,concurrent_3_4plus,cooldown,1951,large,0.7304,2.02,54.69,1.3373,0.4341,1.0355,52.6384,56.8939,1.0472,1.6504,NOT_AVAILABLE
breakout,concurrent_3_4plus,hot,8550,large,0.6808,1.0975,51.49,0.3679,0.5611,0.813,50.386,52.5497,0.2554,0.4909,NOT_AVAILABLE
breakout,concurrent_3_4plus,ice,548,large,1.4545,0.0,49.09,0.4258,1.0202,1.891,44.5255,53.4672,-0.0108,0.8726,NOT_AVAILABLE
breakout,concurrent_3_4plus,warmup,9411,large,0.7253,1.95,54.25,0.0899,0.5943,0.8655,53.2775,55.1801,-0.0408,0.2257,NOT_AVAILABLE
divine_explorer,solo,cooldown,6,small,2.25,4.045,66.67,1.7149,-3.18,7.165,33.3333,100.0,-2.859,6.1698,NOT_AVAILABLE
divine_explorer,solo,hot,15,small,1.6113,2.11,53.33,0.9558,-2.7252,5.9168,26.6667,80.0,-3.1568,5.3229,NOT_AVAILABLE
divine_explorer,solo,warmup,29,small,1.3203,2.32,65.52,1.2367,-0.8161,3.4549,48.2759,82.7586,-0.68,3.3457,NOT_AVAILABLE
divine_explorer,concurrent_any,cooldown,112,large,0.1356,1.965,54.46,0.4472,-1.1669,1.4637,45.5357,63.3929,-0.8618,1.752,NOT_AVAILABLE
divine_explorer,concurrent_any,hot,268,large,0.1176,-0.92,44.78,-0.3531,-0.4394,0.6516,38.7966,50.0093,-0.9282,0.2005,NOT_AVAILABLE
divine_explorer,concurrent_any,ice,53,medium,1.2546,0.19,50.94,0.6916,0.0619,2.6183,37.7358,64.1509,-0.5672,2.0952,NOT_AVAILABLE
divine_explorer,concurrent_any,warmup,476,large,-0.226,-0.1975,49.37,-0.7404,-0.6992,0.2698,45.1681,53.7815,-1.1704,-0.2744,NOT_AVAILABLE
divine_explorer,concurrent_2,cooldown,26,small,0.5646,1.98,53.85,0.5793,-3.1785,4.2513,34.6154,73.0769,-3.481,4.8433,NOT_AVAILABLE
divine_explorer,concurrent_2,hot,57,medium,0.7061,0.57,54.39,0.2328,-0.5234,1.8321,40.3509,66.6667,-0.9586,1.4158,NOT_AVAILABLE
divine_explorer,concurrent_2,ice,19,small,2.6829,2.53,73.68,2.5702,0.1815,5.7299,52.6316,89.4737,0.0936,5.389,NOT_AVAILABLE
divine_explorer,concurrent_2,warmup,110,large,-0.8167,1.34,51.82,-1.2846,-1.8277,0.211,42.7273,60.9091,-2.2582,-0.3287,NOT_AVAILABLE
divine_explorer,concurrent_3_4plus,cooldown,80,medium,-0.1624,1.59,53.75,0.3092,-1.665,1.2108,42.5,65.0,-1.0884,1.6764,NOT_AVAILABLE
divine_explorer,concurrent_3_4plus,hot,196,large,-0.1678,-1.02,41.33,-0.6236,-0.738,0.4211,34.6939,47.9592,-1.2023,-0.0293,NOT_AVAILABLE
divine_explorer,concurrent_3_4plus,ice,32,medium,0.4634,0.0,37.5,-0.3124,-0.9507,1.8864,21.875,53.125,-1.8127,1.2498,NOT_AVAILABLE
divine_explorer,concurrent_3_4plus,warmup,337,large,-0.1663,-0.49,47.18,-0.7329,-0.8106,0.3955,41.8398,52.5223,-1.3113,-0.208,NOT_AVAILABLE
fairy_guide,concurrent_any,cooldown,8,small,0.5225,2.285,62.5,0.3789,-4.2272,5.0971,25.0,87.5,-4.5042,4.8855,NOT_AVAILABLE
fairy_guide,concurrent_any,hot,39,medium,1.0359,3.07,61.54,0.4828,-1.6245,3.5812,46.1538,76.9231,-2.0469,2.9336,NOT_AVAILABLE
fairy_guide,concurrent_any,warmup,53,medium,3.3452,3.43,67.92,2.7274,0.4333,6.4869,56.6038,79.2453,-0.1508,5.7715,NOT_AVAILABLE
fairy_guide,concurrent_3_4plus,cooldown,7,small,0.2943,2.45,57.14,-0.1412,-5.2683,5.673,14.2857,85.7143,-5.7287,5.3369,NOT_AVAILABLE
fairy_guide,concurrent_3_4plus,hot,38,medium,1.0061,3.095,60.53,0.4928,-1.6704,3.6201,44.7368,73.6842,-2.1808,3.1497,NOT_AVAILABLE
fairy_guide,concurrent_3_4plus,warmup,53,medium,3.3452,3.43,67.92,2.7274,0.2568,6.225,54.717,79.2453,-0.2864,5.4972,NOT_AVAILABLE
fake_yin,solo,cooldown,26,small,1.8669,2.125,57.69,1.8282,-0.4543,4.5159,38.4615,76.9231,-0.5322,4.3835,NOT_AVAILABLE
fake_yin,solo,hot,56,medium,1.4234,2.875,62.5,0.9794,0.0079,2.7585,50.0,76.7857,-0.3807,2.2838,NOT_AVAILABLE
fake_yin,solo,warmup,70,medium,1.3224,2.73,67.14,0.3181,-0.0342,2.5318,55.7143,77.1429,-0.9871,1.5012,NOT_AVAILABLE
fake_yin,concurrent_any,cooldown,335,large,0.9307,2.06,55.82,0.9782,0.2701,1.5474,50.7463,60.8955,0.3246,1.6043,NOT_AVAILABLE
fake_yin,concurrent_any,hot,1232,large,0.4076,-0.3725,48.13,0.109,0.1167,0.6949,45.1278,50.8929,-0.1761,0.3936,NOT_AVAILABLE
fake_yin,concurrent_any,ice,209,large,1.0204,0.0,44.5,0.2348,0.5307,1.5363,38.2656,50.7297,-0.2684,0.775,NOT_AVAILABLE
fake_yin,concurrent_any,warmup,1364,large,0.6838,2.01,53.45,0.1649,0.3827,0.984,50.8065,56.0136,-0.1418,0.4624,NOT_AVAILABLE
fake_yin,concurrent_2,cooldown,79,medium,1.0957,1.98,53.16,0.904,-0.3038,2.5693,43.0063,64.557,-0.4909,2.4782,NOT_AVAILABLE
fake_yin,concurrent_2,hot,228,large,0.6431,0.3775,50.0,0.2966,-0.0549,1.3094,43.4211,56.1513,-0.3968,0.9566,NOT_AVAILABLE
fake_yin,concurrent_2,ice,44,medium,1.4358,0.12,52.27,0.5562,0.1909,2.6356,36.3636,65.9659,-0.5784,1.7024,NOT_AVAILABLE
fake_yin,concurrent_2,warmup,296,large,1.2138,2.275,57.09,0.8377,0.4853,1.9482,51.3429,62.8378,0.153,1.5337,NOT_AVAILABLE
fake_yin,concurrent_3_4plus,cooldown,230,large,0.7682,2.0725,56.52,0.9077,0.0469,1.4889,50.0,63.0435,0.1518,1.6895,NOT_AVAILABLE
fake_yin,concurrent_3_4plus,hot,948,large,0.2909,-0.54,46.84,0.0125,-0.0554,0.6114,43.7737,49.7917,-0.3206,0.314,NOT_AVAILABLE
fake_yin,concurrent_3_4plus,ice,162,large,0.936,0.0,41.98,0.188,0.4323,1.5058,34.5679,49.3981,-0.3889,0.775,NOT_AVAILABLE
fake_yin,concurrent_3_4plus,warmup,998,large,0.4818,1.515,51.4,-0.0454,0.1288,0.8283,48.3968,54.4088,-0.3972,0.307,NOT_AVAILABLE
gap_proof,solo,cooldown,1323,large,-0.0911,1.28,54.88,0.393,-0.4011,0.2036,52.2298,57.5983,0.075,0.6896,NOT_AVAILABLE
gap_proof,solo,hot,7802,large,0.4986,1.23,54.83,0.0365,0.3951,0.6039,53.6529,55.9607,-0.06,0.1359,NOT_AVAILABLE
gap_proof,solo,ice,335,large,1.1522,0.0,43.28,0.6321,0.7292,1.5821,37.9104,48.3657,0.1728,1.0668,NOT_AVAILABLE
gap_proof,solo,warmup,8046,large,0.4287,1.36,58.14,-0.3876,0.3207,0.5323,57.0221,59.1601,-0.5008,-0.2861,NOT_AVAILABLE
gap_proof,concurrent_any,cooldown,4016,large,0.0602,1.2,53.91,0.7035,-0.1246,0.2468,52.3406,55.4793,0.5295,0.8899,NOT_AVAILABLE
gap_proof,concurrent_any,hot,22585,large,0.3754,0.96,52.31,0.0014,0.3073,0.4392,51.6845,52.9555,-0.0609,0.0625,NOT_AVAILABLE
gap_proof,concurrent_any,ice,1056,large,1.1937,0.0,45.17,0.3596,0.9381,1.4294,41.9508,48.2008,0.1012,0.6029,NOT_AVAILABLE
gap_proof,concurrent_any,warmup,22278,large,0.5091,1.31,57.13,-0.281,0.4372,0.58,56.4638,57.7836,-0.3515,-0.211,NOT_AVAILABLE
gap_proof,concurrent_2,cooldown,987,large,-0.0926,1.035,54.1,0.6142,-0.3992,0.2185,50.96,57.0415,0.2703,0.9484,NOT_AVAILABLE
gap_proof,concurrent_2,hot,6618,large,0.021,0.4775,51.41,-0.2486,-0.097,0.1305,50.2112,52.5997,-0.3596,-0.1407,NOT_AVAILABLE
gap_proof,concurrent_2,ice,212,large,0.6404,0.0,37.26,0.0342,0.2595,1.065,31.1321,43.8679,-0.3682,0.4772,NOT_AVAILABLE
gap_proof,concurrent_2,warmup,5821,large,0.4959,1.16,59.65,-0.4208,0.3758,0.623,58.4264,60.9002,-0.5427,-0.3011,NOT_AVAILABLE
gap_proof,concurrent_3_4plus,cooldown,1706,large,0.266,1.63,53.05,0.9959,-0.0218,0.5616,50.6448,55.3356,0.715,1.2938,NOT_AVAILABLE
gap_proof,concurrent_3_4plus,hot,8165,large,0.545,0.32,50.64,0.1704,0.4326,0.6647,49.6265,51.7091,0.0645,0.2795,NOT_AVAILABLE
gap_proof,concurrent_3_4plus,ice,509,large,1.4516,0.0,49.71,0.3158,1.0835,1.8299,45.5747,54.0275,-0.0542,0.6988,NOT_AVAILABLE
gap_proof,concurrent_3_4plus,warmup,8411,large,0.5952,1.685,54.42,-0.0824,0.4662,0.7302,53.3468,55.4277,-0.2143,0.0392,NOT_AVAILABLE
golden_cross,solo,cooldown,24,small,-2.5967,-2.81,25.0,-1.7483,-4.5676,-0.5736,8.3333,41.6667,-3.8204,0.4966,NOT_AVAILABLE
golden_cross,solo,hot,63,medium,-0.4175,-0.47,46.03,-0.6121,-1.5701,0.6709,34.881,58.7302,-1.7379,0.4784,NOT_AVAILABLE
golden_cross,solo,ice,9,small,-0.5589,-1.94,33.33,-2.153,-2.9701,1.9884,0.0,66.6667,-5.0214,0.7316,NOT_AVAILABLE
golden_cross,solo,warmup,108,large,0.5044,-0.545,48.15,-0.1066,-0.6437,1.7719,39.8148,57.4074,-1.0867,1.0464,NOT_AVAILABLE
golden_cross,concurrent_any,cooldown,251,large,-0.3547,-0.44,47.81,0.4891,-1.1874,0.5256,41.8327,54.1932,-0.3065,1.3201,NOT_AVAILABLE
golden_cross,concurrent_any,hot,1004,large,0.6783,0.88,51.29,0.5063,0.367,1.0445,48.3043,54.4846,0.1898,0.8466,NOT_AVAILABLE
golden_cross,concurrent_any,ice,51,medium,0.0152,0.0,47.06,-0.9701,-1.3665,1.3299,33.3333,60.7843,-2.3246,0.3596,NOT_AVAILABLE
golden_cross,concurrent_any,warmup,995,large,0.7929,1.97,54.97,0.2455,0.3977,1.192,51.7588,58.093,-0.1297,0.6229,NOT_AVAILABLE
golden_cross,concurrent_2,cooldown,23,small,0.1974,-0.49,43.48,-0.7429,-2.5478,2.6603,21.7391,65.2174,-3.6135,1.9681,NOT_AVAILABLE
golden_cross,concurrent_2,hot,66,medium,0.7273,0.175,50.0,0.4979,-0.4333,1.7838,37.8788,62.1212,-0.5996,1.5123,NOT_AVAILABLE
golden_cross,concurrent_2,warmup,86,medium,0.811,1.765,55.81,0.2477,-0.4873,2.0239,45.3488,66.2791,-0.9606,1.3508,NOT_AVAILABLE
golden_cross,concurrent_3_4plus,cooldown,204,large,-0.1532,1.645,50.98,0.8913,-1.0643,0.7493,44.6078,57.8431,0.0322,1.7612,NOT_AVAILABLE
golden_cross,concurrent_3_4plus,hot,875,large,0.7535,0.99,51.77,0.5874,0.3638,1.1216,48.34,55.0857,0.2105,0.9317,NOT_AVAILABLE
golden_cross,concurrent_3_4plus,ice,38,medium,0.317,0.12,52.63,-0.5532,-1.28,1.9047,36.8421,68.4211,-1.9921,0.9299,NOT_AVAILABLE
golden_cross,concurrent_3_4plus,warmup,801,large,0.8299,2.0,55.81,0.2928,0.4133,1.262,52.4313,58.9295,-0.1177,0.7044,NOT_AVAILABLE
ignition,solo,cooldown,9,small,2.2822,4.5,66.67,1.1464,-1.3691,5.6656,33.3333,88.8889,-2.3105,4.5228,NOT_AVAILABLE
ignition,solo,hot,25,small,2.1384,3.06,64.0,1.2441,-0.787,5.0482,44.0,84.0,-1.4042,3.9364,NOT_AVAILABLE
ignition,solo,warmup,48,medium,0.2367,-0.2,47.92,-0.7574,-1.8055,2.0781,33.3333,62.5,-2.6752,1.018,NOT_AVAILABLE
ignition,concurrent_any,cooldown,152,large,-0.2626,2.015,52.63,-0.0774,-1.3928,0.801,44.7368,59.8684,-1.1115,0.9108,NOT_AVAILABLE
ignition,concurrent_any,hot,839,large,1.2633,2.05,60.31,0.5929,0.8977,1.6481,56.9726,63.8856,0.2222,0.9554,NOT_AVAILABLE
ignition,concurrent_any,ice,43,medium,1.5528,1.95,55.81,0.0247,-0.2632,3.3121,41.8605,69.7674,-1.7824,1.6589,NOT_AVAILABLE
ignition,concurrent_any,warmup,1086,large,0.9339,2.1525,59.94,0.2095,0.5197,1.3476,57.1823,62.8936,-0.1555,0.595,NOT_AVAILABLE
ignition,concurrent_2,cooldown,24,small,1.2992,3.85,66.67,0.8784,-2.3792,4.6426,45.8333,83.3333,-2.3848,3.7725,NOT_AVAILABLE
ignition,concurrent_2,hot,136,large,1.2001,2.13,58.82,0.3045,0.3035,2.2306,50.7353,67.6471,-0.6328,1.2891,NOT_AVAILABLE
ignition,concurrent_2,ice,6,small,2.695,1.995,66.67,0.4401,-1.265,6.84,33.3333,100.0,-3.5675,4.6755,NOT_AVAILABLE
ignition,concurrent_2,warmup,234,large,1.7842,2.525,66.67,0.7843,0.9494,2.5826,60.6838,72.6496,0.001,1.5084,NOT_AVAILABLE
ignition,concurrent_3_4plus,cooldown,119,large,-0.77,-0.44,48.74,-0.3627,-1.9719,0.4326,39.4958,57.1639,-1.5374,0.8358,NOT_AVAILABLE
ignition,concurrent_3_4plus,hot,678,large,1.2438,2.0,60.47,0.6267,0.8578,1.7051,56.9322,64.4543,0.2628,1.0806,NOT_AVAILABLE
ignition,concurrent_3_4plus,ice,37,medium,1.3676,1.95,54.05,-0.0426,-0.737,3.3514,37.8378,70.2703,-2.0267,1.8226,NOT_AVAILABLE
ignition,concurrent_3_4plus,warmup,804,large,0.7281,2.075,58.71,0.0999,0.2647,1.2013,55.4726,62.0647,-0.3238,0.5529,NOT_AVAILABLE
island_rev,solo,hot,11,small,1.9791,2.64,63.64,1.6316,-1.6801,6.2922,36.3636,90.9091,-1.8399,5.4487,NOT_AVAILABLE
island_rev,solo,warmup,22,small,0.7809,2.145,63.64,0.4991,-0.4972,1.9868,40.9091,81.8182,-1.2955,2.2429,NOT_AVAILABLE
island_rev,concurrent_any,cooldown,9,small,-1.8467,-3.15,44.44,-1.9723,-7.0,3.4016,11.1111,77.7778,-5.9604,2.4385,NOT_AVAILABLE
island_rev,concurrent_any,hot,139,large,0.8947,2.19,54.68,0.5824,0.0183,1.8273,46.7626,62.5899,-0.218,1.4736,NOT_AVAILABLE
island_rev,concurrent_any,warmup,114,large,0.4891,0.795,51.75,-0.1113,-0.4988,1.5926,42.1053,61.4035,-1.1038,0.9744,NOT_AVAILABLE
island_rev,concurrent_2,hot,20,small,1.9515,2.2975,60.0,1.8731,-0.659,4.7528,40.0,80.0,-0.6814,4.7248,NOT_AVAILABLE
island_rev,concurrent_2,warmup,14,small,0.5943,1.585,57.14,-0.1475,-1.576,2.8788,28.5714,85.7143,-2.7242,2.4351,NOT_AVAILABLE
island_rev,concurrent_3_4plus,cooldown,5,small,-4.122,-5.56,20.0,-4.2491,-9.144,1.764,0.0,60.0,-8.0586,0.4063,NOT_AVAILABLE
island_rev,concurrent_3_4plus,hot,108,large,0.5885,2.185,52.78,0.2366,-0.4807,1.612,42.5926,62.037,-0.7286,1.172,NOT_AVAILABLE
island_rev,concurrent_3_4plus,warmup,78,medium,0.3879,-0.365,47.44,-0.277,-0.9085,1.7313,35.8974,57.6923,-1.5667,1.0468,NOT_AVAILABLE
long_yang_seven,concurrent_any,cooldown,113,large,0.8448,2.49,59.29,1.8542,-0.6347,2.3739,50.4425,69.0265,0.4963,3.2135,NOT_AVAILABLE
long_yang_seven,concurrent_any,hot,515,large,1.2737,2.35,57.86,0.9464,0.7007,1.8674,53.5922,62.1359,0.4171,1.5055,NOT_AVAILABLE
long_yang_seven,concurrent_any,ice,26,small,2.6781,2.8625,53.85,1.2741,-0.7184,5.9967,34.6154,73.0769,-2.0266,4.5776,NOT_AVAILABLE
long_yang_seven,concurrent_any,warmup,548,large,0.6928,2.28,56.39,0.1113,0.103,1.3113,52.0073,60.5839,-0.4662,0.7132,NOT_AVAILABLE
long_yang_seven,concurrent_2,hot,5,small,8.98,7.15,100.0,7.6869,6.276,11.956,100.0,100.0,5.5937,10.0523,NOT_AVAILABLE
long_yang_seven,concurrent_3_4plus,cooldown,113,large,0.8448,2.49,59.29,1.8542,-0.5179,2.3223,50.4425,69.0265,0.6212,3.1896,NOT_AVAILABLE
long_yang_seven,concurrent_3_4plus,hot,510,large,1.1982,2.335,57.45,0.8803,0.6418,1.7237,53.3333,61.7647,0.3545,1.366,NOT_AVAILABLE
long_yang_seven,concurrent_3_4plus,ice,26,small,2.6781,2.8625,53.85,1.2741,-0.7184,5.9967,34.6154,73.0769,-2.0266,4.5776,NOT_AVAILABLE
long_yang_seven,concurrent_3_4plus,warmup,543,large,0.6866,2.28,56.35,0.1075,0.0948,1.2679,52.1179,60.4052,-0.449,0.6873,NOT_AVAILABLE
lotus,concurrent_any,cooldown,345,large,0.7299,2.33,56.52,1.0274,-0.1362,1.5538,51.587,61.4565,0.1678,1.8734,NOT_AVAILABLE
lotus,concurrent_any,hot,1252,large,0.8338,2.115,53.59,0.6227,0.4587,1.2055,50.8766,56.3898,0.2655,0.9773,NOT_AVAILABLE
lotus,concurrent_any,ice,76,medium,2.0847,1.89,51.32,1.186,0.6498,3.6574,40.7895,63.1579,-0.2113,2.628,NOT_AVAILABLE
lotus,concurrent_any,warmup,1632,large,1.0084,2.33,57.29,0.4122,0.6297,1.3717,54.902,59.4378,0.0659,0.756,NOT_AVAILABLE
lotus,concurrent_2,cooldown,12,small,1.5888,3.145,66.67,1.2096,-2.3994,5.6608,41.6667,91.6667,-2.565,5.0556,NOT_AVAILABLE
lotus,concurrent_2,hot,41,medium,0.6477,2.11,56.1,-0.1457,-0.7743,2.1334,41.4634,70.7317,-1.5549,1.2866,NOT_AVAILABLE
lotus,concurrent_2,warmup,78,medium,1.5277,2.84,60.26,0.9251,-0.1735,3.3119,50.0,70.5128,-0.7096,2.6425,NOT_AVAILABLE
lotus,concurrent_3_4plus,cooldown,333,large,0.699,2.26,56.16,1.0209,-0.1212,1.5172,51.0511,61.2688,0.2691,1.8393,NOT_AVAILABLE
lotus,concurrent_3_4plus,hot,1211,large,0.8401,2.12,53.51,0.6487,0.4479,1.2447,50.7845,56.1519,0.2661,1.0324,NOT_AVAILABLE
lotus,concurrent_3_4plus,ice,74,medium,1.9874,1.89,51.35,1.0854,0.7034,3.4879,40.5405,62.1622,-0.1701,2.4782,NOT_AVAILABLE
lotus,concurrent_3_4plus,warmup,1554,large,0.9824,2.3275,57.14,0.3865,0.5518,1.3966,54.5689,59.7169,-0.0108,0.7877,NOT_AVAILABLE
lu_sniper,solo,cooldown,357,large,0.8229,2.07,59.38,0.7279,0.0788,1.6997,54.3417,64.7059,-0.037,1.5835,NOT_AVAILABLE
lu_sniper,solo,hot,526,large,1.5106,2.245,65.97,1.2246,0.9988,2.0158,62.1625,70.1521,0.7044,1.7159,NOT_AVAILABLE
lu_sniper,solo,ice,101,large,0.4927,0.0,41.58,-0.7026,-0.441,1.5012,31.6832,51.4851,-1.6398,0.2809,NOT_AVAILABLE
lu_sniper,solo,warmup,1241,large,0.5459,2.06,59.87,0.2381,0.1682,0.9277,56.9702,62.6934,-0.1406,0.6405,NOT_AVAILABLE
lu_sniper,concurrent_any,cooldown,580,large,1.0381,2.125,58.97,0.9885,0.4414,1.613,54.8276,63.1034,0.3655,1.6005,NOT_AVAILABLE
lu_sniper,concurrent_any,hot,1054,large,1.3451,2.1175,62.62,1.03,0.9587,1.7096,59.7723,65.37,0.6633,1.3877,NOT_AVAILABLE
lu_sniper,concurrent_any,ice,168,large,1.0228,0.0,45.24,0.1278,0.1913,1.9179,37.5,52.9762,-0.7213,0.971,NOT_AVAILABLE
lu_sniper,concurrent_any,warmup,2323,large,0.6249,2.065,59.19,0.2106,0.3354,0.9131,57.1244,61.215,-0.0763,0.479,NOT_AVAILABLE
lu_sniper,concurrent_2,cooldown,106,large,1.1361,1.6775,52.83,1.391,-0.4772,2.7155,43.3962,62.2642,-0.3188,3.0212,NOT_AVAILABLE
lu_sniper,concurrent_2,hot,222,large,0.7779,1.8575,56.31,0.4085,-0.0974,1.682,49.5495,62.6126,-0.4086,1.2808,NOT_AVAILABLE
lu_sniper,concurrent_2,ice,25,small,1.709,2.105,60.0,1.3641,-0.5448,4.0467,40.0,80.0,-0.7626,3.5019,NOT_AVAILABLE
lu_sniper,concurrent_2,warmup,528,large,0.7335,2.1475,60.61,0.196,0.0906,1.3674,56.25,64.9621,-0.4579,0.7725,NOT_AVAILABLE
lu_sniper,concurrent_3_4plus,cooldown,117,large,1.6059,2.58,63.25,1.4191,0.3205,2.9454,54.7009,71.8162,0.1531,2.7761,NOT_AVAILABLE
lu_sniper,concurrent_3_4plus,hot,306,large,1.4722,2.1625,61.44,1.1464,0.7938,2.1804,55.8824,67.3203,0.5092,1.8488,NOT_AVAILABLE
lu_sniper,concurrent_3_4plus,ice,42,medium,1.8893,0.0,45.24,1.3887,-0.4335,4.1381,30.9524,59.5238,-1.0191,3.7977,NOT_AVAILABLE
lu_sniper,concurrent_3_4plus,warmup,554,large,0.6983,2.035,56.32,0.1631,0.1327,1.2161,52.1661,60.4693,-0.3544,0.6569,NOT_AVAILABLE
ma5_monster,solo,cooldown,15,small,2.7247,3.75,60.0,2.0821,-0.9653,6.9421,40.0,86.6667,-1.4018,6.3323,NOT_AVAILABLE
ma5_monster,solo,hot,51,medium,1.0427,1.96,50.98,0.695,-0.5043,2.4524,37.2549,64.7059,-0.7917,2.0636,NOT_AVAILABLE
ma5_monster,solo,ice,9,small,-0.0933,0.0,44.44,0.7254,-4.4961,4.876,11.1111,77.7778,-3.1923,4.7693,NOT_AVAILABLE
ma5_monster,solo,warmup,61,medium,0.4213,1.99,50.82,-0.1297,-1.1771,1.946,37.7049,63.9344,-1.5085,1.2522,NOT_AVAILABLE
ma5_monster,concurrent_any,cooldown,262,large,0.6968,1.96,54.96,0.4894,0.0409,1.3878,49.2366,61.0687,-0.1832,1.1948,NOT_AVAILABLE
ma5_monster,concurrent_any,hot,947,large,0.2651,-0.54,43.93,-0.2712,-0.0432,0.5649,40.4435,47.2017,-0.5503,0.0203,NOT_AVAILABLE
ma5_monster,concurrent_any,ice,124,large,0.4527,0.0,41.94,0.5721,-0.3883,1.2548,33.0645,50.0,-0.2768,1.3586,NOT_AVAILABLE
ma5_monster,concurrent_any,warmup,1112,large,0.8482,1.435,51.53,-0.0035,0.5124,1.2162,48.7388,54.5863,-0.3395,0.3442,NOT_AVAILABLE
ma5_monster,concurrent_2,cooldown,43,medium,-0.4901,-0.07,48.84,-1.0105,-2.6497,1.7176,34.8837,65.1163,-3.135,1.1906,NOT_AVAILABLE
ma5_monster,concurrent_2,hot,120,large,0.1391,-0.91,42.5,-0.3995,-0.825,1.195,34.1667,50.8333,-1.3137,0.6612,NOT_AVAILABLE
ma5_monster,concurrent_2,ice,18,small,-0.6181,0.0,44.44,0.2201,-2.6591,1.2819,22.2222,66.6667,-1.761,2.0576,NOT_AVAILABLE
ma5_monster,concurrent_2,warmup,180,large,1.2014,1.985,52.78,0.6892,0.2023,2.2283,45.5556,60.0,-0.3121,1.7107,NOT_AVAILABLE
ma5_monster,concurrent_3_4plus,cooldown,204,large,0.7978,1.96,55.88,0.6885,0.1195,1.4535,49.0196,62.2549,0.0136,1.376,NOT_AVAILABLE
ma5_monster,concurrent_3_4plus,hot,776,large,0.2335,-0.49,43.69,-0.3149,-0.0973,0.5683,39.9485,47.2938,-0.6128,0.0054,NOT_AVAILABLE
ma5_monster,concurrent_3_4plus,ice,97,medium,0.7021,0.0,41.24,0.6232,-0.171,1.5861,30.9278,50.5155,-0.3037,1.5819,NOT_AVAILABLE
ma5_monster,concurrent_3_4plus,warmup,871,large,0.8052,1.11,51.32,-0.1378,0.4344,1.1725,48.3324,54.6527,-0.4964,0.2158,NOT_AVAILABLE
massive_vol,solo,cooldown,7,small,-3.0386,-4.04,14.29,-3.3774,-5.113,-0.648,0.0,42.8571,-6.0032,-0.1527,NOT_AVAILABLE
massive_vol,solo,hot,45,medium,-0.2209,-0.84,42.22,-0.7501,-1.3426,0.8834,26.6667,55.5556,-1.8802,0.3969,NOT_AVAILABLE
massive_vol,solo,warmup,35,medium,0.6583,3.1,57.14,-0.0523,-1.4662,2.627,40.0,71.5,-2.1073,1.8614,NOT_AVAILABLE
massive_vol,concurrent_any,cooldown,241,large,0.5129,2.14,54.77,0.9988,-0.4167,1.4974,48.5477,60.9959,0.0624,1.9688,NOT_AVAILABLE
massive_vol,concurrent_any,hot,1630,large,0.4353,-0.205,49.02,0.0764,0.1762,0.6954,46.5644,51.5951,-0.1704,0.3125,NOT_AVAILABLE
massive_vol,concurrent_any,ice,72,medium,1.8661,0.0,48.61,0.6932,0.8099,3.0463,38.8889,59.7222,-0.3851,1.8414,NOT_AVAILABLE
massive_vol,concurrent_any,warmup,1404,large,0.725,1.96,52.92,0.2166,0.3854,1.0607,50.4274,55.7692,-0.0961,0.5403,NOT_AVAILABLE
massive_vol,concurrent_2,cooldown,10,small,1.165,3.445,60.0,0.1201,-2.211,4.3327,30.0,90.0,-3.2354,3.2833,NOT_AVAILABLE
massive_vol,concurrent_2,hot,65,medium,1.0668,2.0,53.85,0.5285,-0.0242,2.1914,43.0769,66.1538,-0.5739,1.6086,NOT_AVAILABLE
massive_vol,concurrent_2,warmup,72,medium,0.8745,2.185,55.56,0.4141,-0.8582,2.6702,44.4444,66.6667,-1.2802,2.2016,NOT_AVAILABLE
massive_vol,concurrent_3_4plus,cooldown,224,large,0.5948,2.2,55.8,1.1747,-0.3616,1.653,49.1071,62.5,0.1765,2.2664,NOT_AVAILABLE
massive_vol,concurrent_3_4plus,hot,1520,large,0.4277,-0.2,49.01,0.0816,0.1623,0.7029,46.5773,51.3832,-0.1794,0.3281,NOT_AVAILABLE
massive_vol,concurrent_3_4plus,ice,69,medium,1.8635,0.0,49.28,0.6087,0.7806,3.0243,37.6812,60.8696,-0.4666,1.6921,NOT_AVAILABLE
massive_vol,concurrent_3_4plus,warmup,1297,large,0.7185,1.95,52.66,0.2129,0.3887,1.069,50.1137,55.4356,-0.106,0.5504,NOT_AVAILABLE
momentum,solo,cooldown,5,small,-1.886,-2.89,20.0,-3.0413,-6.59,4.292,0.0,60.0,-8.0776,2.8206,NOT_AVAILABLE
momentum,solo,hot,46,medium,1.3246,2.015,56.52,0.7991,0.0664,2.6006,43.4783,71.7391,-0.4266,2.1235,NOT_AVAILABLE
momentum,solo,warmup,41,medium,-0.292,-2.69,46.34,-0.4364,-2.4484,2.2191,31.7073,60.9756,-2.2419,1.7836,NOT_AVAILABLE
momentum,concurrent_any,cooldown,199,large,-0.3693,0.32,50.25,0.4031,-0.9977,0.3154,43.7186,57.2864,-0.2602,1.1308,NOT_AVAILABLE
momentum,concurrent_any,hot,1105,large,0.5642,0.82,51.95,0.1212,0.3107,0.8155,49.1403,54.7511,-0.1413,0.3713,NOT_AVAILABLE
momentum,concurrent_any,ice,70,medium,0.5546,0.0,41.43,-0.4085,-0.3331,1.5636,31.4286,52.8571,-1.2529,0.494,NOT_AVAILABLE
momentum,concurrent_any,warmup,1054,large,0.6632,1.61,56.36,-0.0609,0.3215,0.9869,53.2258,59.203,-0.384,0.2393,NOT_AVAILABLE
momentum,concurrent_2,cooldown,16,small,-0.0053,-0.4025,50.0,1.0196,-2.9952,3.0331,25.0,75.0,-1.7763,3.6423,NOT_AVAILABLE
momentum,concurrent_2,hot,94,medium,1.0639,1.56,58.51,0.5105,0.1139,2.117,48.9362,69.1489,-0.4031,1.5104,NOT_AVAILABLE
momentum,concurrent_2,ice,9,small,2.5378,5.28,55.56,1.411,-1.8334,6.2591,22.2222,88.8889,-2.1771,4.4966,NOT_AVAILABLE
momentum,concurrent_2,warmup,101,large,0.2178,1.785,53.47,-0.5796,-0.992,1.3524,43.5396,63.3663,-1.6504,0.5241,NOT_AVAILABLE
momentum,concurrent_3_4plus,cooldown,178,large,-0.3594,0.6275,51.12,0.4444,-1.0495,0.3599,43.8202,58.427,-0.2161,1.1342,NOT_AVAILABLE
momentum,concurrent_3_4plus,hot,965,large,0.4793,0.7,51.09,0.051,0.2115,0.7608,48.1865,54.0959,-0.2032,0.3191,NOT_AVAILABLE
momentum,concurrent_3_4plus,ice,59,medium,0.2758,0.0,38.98,-0.7421,-0.6313,1.2254,27.1186,50.8475,-1.6135,0.1288,NOT_AVAILABLE
momentum,concurrent_3_4plus,warmup,912,large,0.7555,1.625,57.13,0.0134,0.4305,1.0909,54.057,60.0905,-0.2962,0.3269,NOT_AVAILABLE
old_duck,solo,cooldown,300,large,0.3599,2.08,52.67,0.2033,-0.4422,1.1157,47.0,58.0,-0.5942,0.9509,NOT_AVAILABLE
old_duck,solo,hot,574,large,0.4029,-0.43,48.26,0.1728,-0.0471,0.88,44.2465,52.2648,-0.253,0.6482,NOT_AVAILABLE
old_duck,solo,ice,95,medium,1.0223,0.0,45.26,0.6688,0.1183,1.9465,35.7895,54.7368,-0.2525,1.558,NOT_AVAILABLE
old_duck,solo,warmup,1144,large,0.7071,2.07,52.97,0.2531,0.3482,1.1187,50.3475,55.8566,-0.1008,0.6434,NOT_AVAILABLE
old_duck,concurrent_any,cooldown,2533,large,0.683,2.06,54.88,1.053,0.432,0.9583,52.9402,56.8506,0.7999,1.3295,NOT_AVAILABLE
old_duck,concurrent_any,hot,10023,large,0.7281,1.43,51.65,0.4476,0.6108,0.8414,50.5535,52.6389,0.3314,0.559,NOT_AVAILABLE
old_duck,concurrent_any,ice,844,large,1.4964,0.0,48.93,0.6577,1.177,1.8799,45.4976,52.2512,0.3372,1.0052,NOT_AVAILABLE
old_duck,concurrent_any,warmup,12223,large,0.7495,2.0,54.23,0.1574,0.6316,0.8564,53.3339,55.1583,0.0506,0.2616,NOT_AVAILABLE
old_duck,concurrent_2,cooldown,309,large,1.4041,2.34,58.58,1.3742,0.577,2.294,53.3981,64.0777,0.5568,2.2413,NOT_AVAILABLE
old_duck,concurrent_2,hot,885,large,0.9132,1.96,53.56,0.6895,0.5243,1.2966,50.0565,56.839,0.3058,1.0605,NOT_AVAILABLE
old_duck,concurrent_2,ice,133,large,1.8165,1.98,56.39,1.2414,0.8797,2.7045,47.3684,65.4135,0.4435,2.0934,NOT_AVAILABLE
old_duck,concurrent_2,warmup,1435,large,1.0024,2.23,56.72,0.5638,0.673,1.3822,54.216,59.2334,0.2518,0.9082,NOT_AVAILABLE
old_duck,concurrent_3_4plus,cooldown,1924,large,0.6176,2.03,54.63,1.1338,0.307,0.9413,52.4428,56.7568,0.8351,1.4306,NOT_AVAILABLE
old_duck,concurrent_3_4plus,hot,8564,large,0.7308,1.3175,51.68,0.441,0.612,0.8706,50.6539,52.7913,0.3245,0.5735,NOT_AVAILABLE
old_duck,concurrent_3_4plus,ice,616,large,1.5005,0.0,47.89,0.5299,1.1105,1.9352,44.3141,51.9481,0.1626,0.9655,NOT_AVAILABLE
old_duck,concurrent_3_4plus,warmup,9644,large,0.7169,1.9625,54.01,0.0855,0.5891,0.8521,52.9759,55.029,-0.0353,0.2189,NOT_AVAILABLE
single_yang,solo,cooldown,11,small,3.7945,5.07,81.82,3.3085,-2.3619,9.11,54.5455,100.0,-2.0365,7.931,NOT_AVAILABLE
single_yang,solo,hot,16,small,1.6125,2.185,68.75,0.8763,-0.0772,3.2195,43.75,87.5,-0.7363,2.426,NOT_AVAILABLE
single_yang,solo,warmup,38,medium,-0.1568,-4.39,42.11,-0.3952,-2.6961,2.4755,26.3158,57.8947,-2.7282,2.081,NOT_AVAILABLE
single_yang,concurrent_any,cooldown,308,large,0.9035,2.3,56.49,1.1166,0.0619,1.7282,50.9659,62.3377,0.3142,1.9243,NOT_AVAILABLE
single_yang,concurrent_any,hot,1141,large,1.3843,2.39,59.6,0.8797,1.042,1.7598,56.7923,62.5767,0.5589,1.2381,NOT_AVAILABLE
single_yang,concurrent_any,ice,49,medium,2.0508,0.0,48.98,0.658,0.2367,4.05,34.6939,63.2653,-1.2379,2.6507,NOT_AVAILABLE
single_yang,concurrent_any,warmup,1299,large,1.3374,2.36,56.43,0.946,0.9391,1.7066,53.5797,58.9684,0.5564,1.3017,NOT_AVAILABLE
single_yang,concurrent_2,cooldown,31,medium,3.3144,4.41,61.29,3.2208,-0.3032,6.9759,45.0806,77.4194,-0.2711,6.6905,NOT_AVAILABLE
single_yang,concurrent_2,hot,74,medium,0.8172,3.22,58.11,0.2887,-0.6498,2.3473,47.2973,68.9527,-1.0614,1.7945,NOT_AVAILABLE
single_yang,concurrent_2,ice,6,small,5.1908,6.3475,83.33,2.5668,-0.5951,9.8692,50.0,100.0,-3.4594,7.5418,NOT_AVAILABLE
single_yang,concurrent_2,warmup,119,large,2.6965,3.01,62.18,2.0189,1.1321,4.1438,52.9202,71.4286,0.5551,3.4057,NOT_AVAILABLE
single_yang,concurrent_3_4plus,cooldown,266,large,0.503,2.245,54.89,0.7807,-0.3131,1.3241,48.8722,60.5263,-0.0246,1.5426,NOT_AVAILABLE
single_yang,concurrent_3_4plus,hot,1051,large,1.4208,2.38,59.56,0.9213,1.0231,1.7712,56.6127,62.4167,0.5434,1.2568,NOT_AVAILABLE
single_yang,concurrent_3_4plus,ice,43,medium,1.6127,0.0,44.19,0.3916,-0.1846,3.6509,30.2326,60.4651,-1.6472,2.5312,NOT_AVAILABLE
single_yang,concurrent_3_4plus,warmup,1142,large,1.2455,2.3475,56.3,0.8789,0.8288,1.6492,53.2399,59.1944,0.4666,1.2769,NOT_AVAILABLE
t1_swing,solo,cooldown,215,large,0.1479,0.91,60.0,0.98,-0.5804,0.8579,53.4884,66.0465,0.2514,1.6874,NOT_AVAILABLE
t1_swing,solo,hot,1361,large,0.1209,0.68,52.53,0.1275,-0.1516,0.4013,49.8163,55.18,-0.1347,0.3808,NOT_AVAILABLE
t1_swing,solo,ice,34,medium,3.9629,2.015,70.59,2.1828,2.1626,6.0112,55.8824,85.2941,0.4838,4.0834,NOT_AVAILABLE
t1_swing,solo,warmup,1045,large,0.0469,0.74,55.98,-0.6573,-0.2852,0.38,52.823,59.0431,-0.9887,-0.3443,NOT_AVAILABLE
t1_swing,concurrent_any,cooldown,3026,large,0.328,1.18,54.79,1.0879,0.1075,0.5484,52.9734,56.5441,0.8664,1.2965,NOT_AVAILABLE
t1_swing,concurrent_any,hot,17323,large,0.3471,0.65,51.34,0.0571,0.2667,0.4256,50.6148,52.0985,-0.0159,0.1269,NOT_AVAILABLE
t1_swing,concurrent_any,ice,779,large,1.0583,0.0,43.77,-0.0021,0.7721,1.3516,40.5648,47.1117,-0.2866,0.2676,NOT_AVAILABLE
t1_swing,concurrent_any,warmup,15896,large,0.5778,1.17,56.15,-0.19,0.4847,0.6735,55.3847,56.9013,-0.277,-0.0973,NOT_AVAILABLE
t1_swing,concurrent_2,cooldown,929,large,-0.0572,1.06,54.79,0.6862,-0.344,0.2658,51.6685,58.127,0.3812,1.0073,NOT_AVAILABLE
t1_swing,concurrent_2,hot,6419,large,-0.0101,0.24,50.91,-0.254,-0.1267,0.1093,49.7118,52.1421,-0.3646,-0.1426,NOT_AVAILABLE
t1_swing,concurrent_2,ice,195,large,0.4105,0.0,33.33,-0.1244,0.0348,0.8215,27.1795,40.0,-0.5505,0.2795,NOT_AVAILABLE
t1_swing,concurrent_2,warmup,5321,large,0.5059,1.125,59.39,-0.437,0.38,0.6236,58.1465,60.5525,-0.5682,-0.3187,NOT_AVAILABLE
t1_swing,concurrent_3_4plus,cooldown,1882,large,0.5387,1.86,54.2,1.2985,0.2579,0.8059,51.966,56.3231,1.0244,1.5855,NOT_AVAILABLE
t1_swing,concurrent_3_4plus,hot,9543,large,0.6196,0.95,51.45,0.2563,0.5164,0.7298,50.4454,52.4159,0.1544,0.36,NOT_AVAILABLE
t1_swing,concurrent_3_4plus,ice,550,large,1.1085,0.0,45.82,-0.0938,0.756,1.5035,41.9955,50.5455,-0.4441,0.2931,NOT_AVAILABLE
t1_swing,concurrent_3_4plus,warmup,9530,large,0.6762,1.76,54.35,-0.0009,0.5514,0.8031,53.3788,55.3725,-0.1077,0.1197,NOT_AVAILABLE
three_horse,solo,hot,13,small,3.0992,2.82,61.54,2.6368,0.0098,6.5899,38.4615,84.6154,-0.5323,6.234,NOT_AVAILABLE
three_horse,solo,warmup,12,small,-1.0375,0.7,50.0,-1.297,-4.0417,1.733,25.0,75.0,-3.8462,0.9594,NOT_AVAILABLE
three_horse,concurrent_any,cooldown,909,large,1.311,2.2,56.66,1.8716,0.8642,1.7799,53.5754,59.846,1.4344,2.3378,NOT_AVAILABLE
three_horse,concurrent_any,hot,4225,large,0.7108,1.74,51.29,0.392,0.5317,0.8936,49.7515,52.8284,0.2192,0.5644,NOT_AVAILABLE
three_horse,concurrent_any,ice,280,large,1.0547,0.0,43.93,-0.0754,0.4534,1.666,38.5714,49.6429,-0.679,0.5134,NOT_AVAILABLE
three_horse,concurrent_any,warmup,4543,large,0.6357,2.0,52.43,0.0626,0.4319,0.83,50.9575,53.9517,-0.1289,0.2474,NOT_AVAILABLE
three_horse,concurrent_2,cooldown,24,small,2.8477,3.635,62.5,3.4354,-0.6142,6.7308,41.6667,83.3333,-0.2324,7.1172,NOT_AVAILABLE
three_horse,concurrent_2,hot,100,large,0.8971,2.51,57.0,0.7087,-0.2471,2.0734,47.0,66.0,-0.5249,1.8905,NOT_AVAILABLE
three_horse,concurrent_2,ice,5,small,3.588,3.1,80.0,2.3307,-1.786,9.1092,40.0,100.0,-3.5524,7.5518,NOT_AVAILABLE
three_horse,concurrent_2,warmup,120,large,1.1368,2.195,59.17,0.6221,-0.3344,2.658,50.0,67.5,-0.8736,2.1118,NOT_AVAILABLE
three_horse,concurrent_3_4plus,cooldown,882,large,1.2611,2.185,56.46,1.823,0.7695,1.7398,53.1746,59.5238,1.3306,2.3085,NOT_AVAILABLE
three_horse,concurrent_3_4plus,hot,4112,large,0.6987,1.3775,51.12,0.3772,0.5129,0.8859,49.5136,52.6021,0.2013,0.5507,NOT_AVAILABLE
three_horse,concurrent_3_4plus,ice,275,large,1.0087,0.0,43.27,-0.1191,0.4148,1.6036,37.4545,49.0909,-0.7304,0.4813,NOT_AVAILABLE
three_horse,concurrent_3_4plus,warmup,4411,large,0.6267,2.0,52.26,0.0511,0.4311,0.8283,50.7821,53.82,-0.1402,0.248,NOT_AVAILABLE
trend,concurrent_any,cooldown,36,medium,0.6685,1.8825,58.33,0.6688,-1.187,2.391,41.6667,75.0,-1.0157,2.3683,NOT_AVAILABLE
trend,concurrent_any,hot,212,large,0.2425,-0.4,45.75,-0.4184,-0.3711,0.8277,39.1392,52.8302,-0.9951,0.1341,NOT_AVAILABLE
trend,concurrent_any,ice,18,small,1.9508,1.7425,66.67,-0.0751,0.1259,3.7343,38.8889,88.8889,-1.5808,1.3954,NOT_AVAILABLE
trend,concurrent_any,warmup,135,large,1.1994,1.77,54.81,0.4937,0.2902,2.0785,46.6667,62.963,-0.3924,1.3469,NOT_AVAILABLE
trend,concurrent_2,hot,8,small,0.6506,-0.495,50.0,0.3809,-2.6516,4.2636,12.5,87.5,-2.6278,3.7637,NOT_AVAILABLE
trend,concurrent_2,warmup,5,small,6.365,8.42,80.0,5.063,1.6565,10.862,40.0,100.0,1.2313,8.7848,NOT_AVAILABLE
trend,concurrent_3_4plus,cooldown,34,medium,1.201,1.9225,61.76,1.0746,-0.5407,2.9132,46.9853,76.4706,-0.5292,2.6802,NOT_AVAILABLE
trend,concurrent_3_4plus,hot,203,large,0.2372,-0.39,45.81,-0.4405,-0.3674,0.8837,38.4236,52.7094,-1.0268,0.1315,NOT_AVAILABLE
trend,concurrent_3_4plus,ice,18,small,1.9508,1.7425,66.67,-0.0751,0.1897,3.7914,44.4444,88.8889,-1.6294,1.4787,NOT_AVAILABLE
trend,concurrent_3_4plus,warmup,127,large,0.8652,1.28,52.76,0.1449,0.0441,1.6777,44.8819,61.4173,-0.6937,1.0108,NOT_AVAILABLE
