pattern_name,regime,period,presence_type,n_events,sample_label,mean_return,median_return,win_rate,std_return,event_bootstrap_ci_low,event_bootstrap_ci_high,date_cluster_ci_low,date_cluster_ci_high,baseline_n,incremental_mean,incremental_median,incremental_win_rate,incremental_event_ci_low,incremental_event_ci_high,incremental_date_cluster_ci_low,incremental_date_cluster_ci_high
breakout,cooldown,train,present,2244,large,2.1682,2.31,59.0,7.6801,1.8745,2.4945,1.1548,3.3222,4299,0.5825,0.59,-6.97,0.2207,0.9131,-0.7074,2.0401
breakout,euphoria,train,present,2519,large,1.8809,2.39,60.46,5.9054,1.6544,2.1115,0.4215,3.5987,2633,-0.0016,0.58,-9.08,-0.3112,0.2967,-2.0345,2.2917
breakout,hot,train,present,20877,large,1.0121,0.605,50.93,5.7122,0.9399,1.0921,0.6034,1.4071,33499,0.4609,-0.355,-3.41,0.368,0.551,-0.0519,0.9569
breakout,ice,train,present,872,large,2.0391,2.56,60.67,7.6204,1.529,2.5305,0.3741,4.0163,1347,0.3481,0.81,-2.96,-0.2578,0.972,-1.9363,2.9746
breakout,warmup,train,present,26801,large,0.8008,1.105,51.64,6.3919,0.7273,0.8745,0.4296,1.1406,47482,0.3068,0.025,-3.54,0.2133,0.3973,-0.1887,0.7874
breakout,cooldown,validation,present,2055,large,0.3773,1.755,52.65,6.2811,0.1168,0.6318,-0.4946,1.0831,3761,0.6031,1.715,2.61,0.2834,0.9111,-0.7053,1.8257
breakout,euphoria,validation,present,604,large,3.3995,2.8975,74.5,5.0324,3.0179,3.7861,3.0179,3.7861,494,0.2361,0.3525,-3.63,-0.3505,0.768,,
breakout,hot,validation,present,9652,large,1.3978,2.0025,56.04,5.9126,1.2736,1.5137,0.6205,2.2732,13159,0.475,0.7175,-2.99,0.3228,0.625,-0.5261,1.5398
breakout,ice,validation,present,326,large,2.8088,3.2575,65.95,6.6645,2.1207,3.5328,2.2558,3.6605,527,1.5079,1.4525,-1.79,0.6571,2.3171,0.7733,2.3931
breakout,warmup,validation,present,13795,large,0.43,-0.25,48.63,6.0654,0.3273,0.5372,0.0851,0.7706,26267,0.1386,-0.9,-3.21,0.0275,0.2567,-0.3538,0.594
breakout,cooldown,oos,present,2176,large,0.7695,2.05,54.92,6.9689,0.4585,1.0702,-0.1859,1.7403,4031,0.6305,0.78,-0.11,0.2705,1.0082,-0.5609,1.7784
breakout,hot,oos,present,9234,large,0.6844,1.1125,51.57,5.9432,0.5676,0.8058,0.0783,1.2289,20546,0.297,0.1175,-1.82,0.1614,0.442,-0.5261,1.1318
breakout,ice,oos,present,598,large,1.3875,0.0,49.5,5.1199,0.9982,1.797,0.4714,2.6672,1104,0.3064,0.0,4.93,-0.1541,0.8312,-1.223,1.8917
breakout,warmup,oos,present,10423,large,0.7651,1.985,54.56,6.6692,0.643,0.8894,0.2507,1.2866,21567,0.2435,0.67,-3.33,0.0998,0.3935,-0.4858,0.9459
divine_explorer,cooldown,train,present,104,large,1.6252,2.025,61.54,3.6798,0.9081,2.3671,-0.1775,2.7096,6439,-0.1629,0.155,-2.07,-0.885,0.5065,-2.1807,1.2768
divine_explorer,euphoria,train,present,31,medium,-0.5053,-2.05,25.81,4.0095,-1.802,0.9396,-1.802,0.9396,5121,-2.4015,-4.15,-39.53,-3.6971,-0.8424,,
divine_explorer,hot,train,present,533,large,0.7059,-0.16,48.59,3.5988,0.4162,1.0208,0.2997,1.1001,53843,-0.0225,-1.09,-4.49,-0.3409,0.2815,-0.5147,0.4869
divine_explorer,ice,train,present,42,medium,2.0415,2.16,71.43,5.5955,0.4141,3.8127,0.2423,4.0733,2177,0.2178,0.19,9.14,-1.3543,1.9771,-1.9439,2.7573
divine_explorer,warmup,train,present,1241,large,0.9727,1.35,54.88,4.2238,0.7568,1.2041,0.569,1.3996,73042,0.3742,0.27,0.99,0.1363,0.6207,-0.1316,0.8961
divine_explorer,cooldown,validation,present,210,large,0.6802,1.2825,54.29,5.0201,-0.0118,1.3798,-0.7832,1.6391,5606,0.7189,0.6325,3.45,0.038,1.4289,-0.8599,2.0516
divine_explorer,euphoria,validation,present,18,small,2.42,2.3075,83.33,3.1574,0.9688,3.9542,0.9688,3.9542,1080,-0.8878,-0.4125,7.31,-2.3564,0.6505,,
divine_explorer,hot,validation,present,519,large,1.3545,2.1,61.66,3.767,1.0292,1.6968,0.8271,1.8009,22292,0.2361,0.68,3.98,-0.0941,0.5754,-0.5726,1.0693
divine_explorer,ice,validation,present,40,medium,2.1826,2.365,70.0,3.5307,1.0815,3.2293,1.481,2.9745,813,0.3205,0.325,3.09,-0.7726,1.5149,-0.6971,1.1691
divine_explorer,warmup,validation,present,750,large,0.2829,-0.47,47.07,4.3977,-0.0279,0.583,-0.1658,0.8073,39312,-0.0573,-0.8375,-3.74,-0.4064,0.2586,-0.5997,0.5412
divine_explorer,cooldown,oos,present,112,large,0.1356,1.965,54.46,7.4589,-1.1669,1.4637,-1.8899,1.6474,6095,-0.2286,0.575,-0.53,-1.5806,1.2414,-2.477,1.5596
divine_explorer,hot,oos,present,268,large,0.1176,-0.92,44.78,4.614,-0.4394,0.6516,-0.5323,0.8418,29512,-0.3651,-1.94,-8.12,-0.9006,0.1848,-1.1958,0.5461
divine_explorer,ice,oos,present,53,medium,1.2546,0.19,50.94,5.0196,0.0619,2.6183,0.3886,1.9031,1649,0.068,0.19,4.79,-1.1843,1.4331,-1.3375,1.1271
divine_explorer,warmup,oos,present,476,large,-0.226,-0.1975,49.37,5.4813,-0.6992,0.2698,-0.9151,0.4405,31514,-0.8394,-1.6075,-7.55,-1.3384,-0.343,-1.6633,-0.0555
fairy_guide,cooldown,train,present,20,small,4.5535,7.87,65.0,15.1123,-2.3086,10.9035,-4.3943,12.2898,6523,2.7765,5.99,1.42,-4.1332,9.4305,-5.6379,10.2733
fairy_guide,euphoria,train,present,12,small,1.4275,0.915,50.0,10.4369,-4.0249,6.7885,0.915,1.795,5140,-0.4553,-1.175,-15.14,-5.8051,5.2105,-1.973,0.884
fairy_guide,hot,train,present,76,medium,3.7466,4.73,64.47,10.3772,1.3804,6.0649,1.4459,6.1255,54300,3.0228,3.81,11.46,0.7128,5.4341,0.803,5.3196
fairy_guide,ice,train,present,9,small,6.8089,5.62,66.67,14.1871,-1.7922,15.9424,-0.1011,17.0949,2210,5.0013,3.64,4.22,-3.027,14.7655,-1.9572,15.9074
fairy_guide,warmup,train,present,138,large,1.7667,3.49,57.25,11.0493,-0.1187,3.4768,-0.1149,3.7363,74145,1.1642,2.41,3.35,-0.631,3.0679,-0.8213,3.1096
fairy_guide,cooldown,validation,present,17,small,-2.3688,-5.03,47.06,10.0513,-6.6693,2.5283,-7.1944,3.0685,5799,-2.363,-5.7,-3.92,-6.9624,2.3063,-7.2338,3.0505
fairy_guide,euphoria,validation,present,1,small,-2.95,-2.95,0.0,0.0,,,,,1097,-6.2489,-5.65,-76.21,,,,
fairy_guide,hot,validation,present,30,medium,-2.73,-4.965,40.0,9.9374,-5.9957,0.5567,-6.7503,0.821,22781,-3.8588,-6.405,-17.79,-7.2596,-0.4266,-7.806,0.0183
fairy_guide,ice,validation,present,3,small,-3.93,4.36,66.67,19.4486,-26.15,10.0,-26.15,10.0,850,-5.8276,2.29,-0.39,-27.9541,7.9932,-27.9949,7.9606
fairy_guide,warmup,validation,present,45,medium,3.8241,5.23,62.22,9.9011,0.795,6.5877,1.1976,6.1121,40017,3.4889,4.91,11.5,0.5,6.1415,0.9516,5.8038
fairy_guide,cooldown,oos,present,8,small,0.5225,2.285,62.5,7.4155,-4.2272,5.0971,-4.6186,5.0417,6199,0.1626,0.885,7.52,-4.601,4.9839,-4.7436,5.2377
fairy_guide,hot,oos,present,39,medium,1.0359,3.07,61.54,8.4838,-1.6245,3.5812,-1.6774,3.8462,29741,0.5572,2.065,8.72,-2.1546,3.2391,-2.4672,3.3585
fairy_guide,ice,oos,present,3,small,5.0,6.39,66.67,4.4701,0.0,8.61,0.0,8.61,1699,3.818,6.39,20.4,-1.1561,7.3713,-0.5279,7.4741
fairy_guide,warmup,oos,present,53,medium,3.3452,3.43,67.92,11.1985,0.4333,6.4869,0.547,5.8047,31937,2.7488,2.03,11.14,-0.1027,5.6293,-0.0532,5.2196
fake_yin,cooldown,train,present,430,large,1.3283,2.12,56.28,6.5841,0.6916,1.9499,-0.1245,2.9047,6113,-0.4893,0.26,-7.81,-1.1033,0.227,-2.2064,1.4885
fake_yin,euphoria,train,present,199,large,1.3329,2.01,52.76,5.6453,0.5315,2.1485,0.1425,3.4299,4953,-0.5708,-0.09,-12.83,-1.323,0.1938,-2.4711,1.7463
fake_yin,hot,train,present,2496,large,0.6621,-0.3625,47.8,5.3516,0.4577,0.8744,-0.0854,1.4285,51880,-0.0692,-1.3125,-5.49,-0.2712,0.1465,-0.8889,0.7544
fake_yin,ice,train,present,140,large,1.1638,2.05,56.43,5.9192,0.1925,2.0701,-0.6736,3.7769,2079,-0.7088,0.07,-6.44,-1.7259,0.3457,-3.0815,2.5113
fake_yin,warmup,train,present,4304,large,0.6734,-0.19,49.09,5.5486,0.5076,0.8293,0.1385,1.2232,69979,0.0729,-1.29,-5.11,-0.0948,0.2415,-0.5227,0.7374
fake_yin,cooldown,validation,present,367,large,0.259,-0.11,49.05,5.9197,-0.3488,0.8326,-0.715,0.941,5449,0.2901,-0.82,-2.05,-0.3098,0.9395,-1.0034,1.4748
fake_yin,euphoria,validation,present,57,medium,5.0288,4.04,84.21,5.9258,3.6103,6.6541,3.6103,6.6541,1041,1.8305,1.44,8.51,0.3364,3.5322,,
fake_yin,hot,validation,present,1376,large,1.6509,2.09,58.21,5.2526,1.3774,1.9459,0.8703,2.6861,21435,0.561,0.69,0.47,0.288,0.8479,-0.5026,1.7491
fake_yin,ice,validation,present,27,small,0.9839,2.54,59.26,7.4308,-1.7168,3.5702,-1.3771,2.8727,826,-0.9225,0.485,-8.05,-3.7395,1.9179,-3.4665,1.0654
fake_yin,warmup,validation,present,2310,large,0.234,-0.62,46.67,5.4639,0.0197,0.4658,-0.4263,0.9517,37752,-0.1116,-1.075,-4.32,-0.3334,0.1187,-0.8325,0.6786
fake_yin,cooldown,oos,present,335,large,0.9307,2.06,55.82,5.7927,0.2701,1.5474,-0.2218,2.1412,5872,0.6032,0.6725,0.88,-0.0424,1.2804,-0.8625,1.9694
fake_yin,hot,oos,present,1232,large,0.4076,-0.3725,48.13,5.1938,0.1167,0.6949,-0.3179,1.1086,28548,-0.075,-1.3975,-4.9,-0.386,0.2008,-0.9415,0.8629
fake_yin,ice,oos,present,209,large,1.0204,0.0,44.5,3.7069,0.5307,1.5363,0.2655,2.2742,1493,-0.1919,0.0,-2.05,-0.7239,0.378,-1.5906,1.3697
fake_yin,warmup,oos,present,1364,large,0.6838,2.01,53.45,5.8795,0.3827,0.984,0.1202,1.209,30626,0.0865,0.615,-3.51,-0.2147,0.4075,-0.6441,0.7955
gap_proof,cooldown,train,present,3706,large,1.3349,1.5675,63.46,4.673,1.1865,1.4841,0.7799,1.8687,2837,-1.0391,-0.8825,-0.26,-1.3834,-0.7022,-2.6055,0.491
gap_proof,euphoria,train,present,1027,large,0.3736,-0.415,49.17,5.3682,0.053,0.6974,-0.4998,4.8727,4125,-1.8836,-2.745,-19.89,-2.2653,-1.5042,-3.3405,3.0762
gap_proof,hot,train,present,36582,large,0.641,0.965,53.51,4.2796,0.5972,0.6863,0.3023,0.9571,17794,-0.2664,0.155,1.45,-0.3563,-0.1613,-0.8537,0.2948
gap_proof,ice,train,present,1260,large,1.4992,1.77,62.3,5.4999,1.1892,1.7769,0.3772,2.5652,959,-0.7604,-0.64,-0.37,-1.3562,-0.1623,-3.2467,1.593
gap_proof,warmup,train,present,48251,large,0.4405,1.01,53.78,4.781,0.3961,0.4829,0.1136,0.7308,26032,-0.4686,-0.57,-0.35,-0.5581,-0.3787,-0.9581,0.0052
gap_proof,cooldown,validation,present,3675,large,-0.2196,0.19,50.29,5.1185,-0.3846,-0.0557,-1.162,0.5996,2141,-0.5619,-0.87,-1.84,-0.8706,-0.2253,-1.912,0.8027
gap_proof,euphoria,validation,present,540,large,2.9638,2.315,75.19,4.661,2.6058,3.362,2.6058,3.362,558,-0.6483,-0.835,-1.88,-1.2332,-0.0653,,
gap_proof,hot,validation,present,15613,large,1.0379,1.335,58.51,4.7127,0.9672,1.1136,0.4087,1.6536,7198,-0.2721,-0.71,2.35,-0.4421,-0.1118,-1.2847,0.8159
gap_proof,ice,validation,present,480,large,1.1983,1.675,65.83,4.8006,0.7814,1.6507,0.3572,1.6491,373,-1.5525,-1.495,-2.8,-2.3346,-0.763,-2.4105,-0.7967
gap_proof,warmup,validation,present,27802,large,0.2451,0.24,50.68,4.5792,0.1914,0.2996,-0.0669,0.5248,12260,-0.3071,-0.46,-0.2,-0.4297,-0.1728,-0.8411,0.2222
gap_proof,cooldown,oos,present,4016,large,0.0602,1.2,53.91,5.623,-0.1246,0.2468,-0.596,0.7919,2191,-0.8494,-0.91,-3.05,-1.205,-0.491,-1.9943,0.4003
gap_proof,hot,oos,present,22585,large,0.3754,0.96,52.31,4.9611,0.3073,0.4392,-0.1943,0.8556,7195,-0.4307,-0.6,-2.13,-0.5869,-0.2636,-1.2269,0.4394
gap_proof,ice,oos,present,1056,large,1.1937,0.0,45.17,4.0389,0.9381,1.4294,0.4025,2.4714,646,0.0132,0.0,-2.97,-0.5196,0.4983,-1.5487,1.8328
gap_proof,warmup,oos,present,22278,large,0.5091,1.31,57.13,5.3672,0.4372,0.58,0.062,0.923,9712,-0.3024,-0.71,1.06,-0.4529,-0.1476,-1.0697,0.4314
golden_cross,cooldown,train,present,191,large,1.2977,2.17,56.02,5.9986,0.5025,2.1352,0.3169,2.1393,6352,-0.5024,0.3,-7.79,-1.3835,0.3688,-1.8433,0.6327
golden_cross,euphoria,train,present,46,medium,1.7587,2.395,54.35,5.3513,0.0877,3.1508,-0.2819,6.4169,5106,-0.1241,0.305,-10.85,-1.6058,1.3788,-2.9897,4.9135
golden_cross,hot,train,present,1842,large,0.7426,-0.115,49.24,5.3872,0.5016,0.99,0.2884,1.1848,52534,0.015,-1.055,-3.93,-0.2362,0.2748,-0.5442,0.5564
golden_cross,ice,train,present,86,medium,2.2976,2.9475,62.79,9.1359,0.4735,4.3851,-0.9325,5.6586,2133,0.4886,0.9875,0.34,-1.2251,2.4025,-3.3458,4.0784
golden_cross,warmup,train,present,2374,large,0.7729,0.28,50.67,5.928,0.541,1.0014,0.3599,1.2207,71909,0.1737,-0.81,-3.34,-0.0728,0.4086,-0.35,0.7039
golden_cross,cooldown,validation,present,150,large,0.3333,-0.575,48.67,5.8161,-0.5733,1.1925,-1.021,1.6722,5666,0.3552,-1.25,-2.36,-0.5704,1.3281,-1.1574,2.0401
golden_cross,euphoria,validation,present,45,medium,1.9844,2.34,62.22,4.4971,0.704,3.3147,0.704,3.3147,1053,-1.3647,-0.39,-14.51,-2.6459,-0.0253,,
golden_cross,hot,validation,present,834,large,0.9007,1.465,52.52,5.0328,0.5378,1.2593,0.2389,1.5918,21977,-0.2315,0.025,-5.45,-0.5727,0.0906,-1.1543,0.7004
golden_cross,ice,validation,present,25,small,4.0904,3.48,72.0,6.0425,1.9096,6.5232,2.3347,6.3072,828,2.2801,1.44,5.09,-0.1275,4.5233,0.3531,4.502
golden_cross,warmup,validation,present,1379,large,0.2337,-0.58,45.32,5.5645,-0.0466,0.5306,-0.1785,0.6204,38683,-0.1091,-1.015,-5.61,-0.4065,0.1708,-0.6066,0.4037
golden_cross,cooldown,oos,present,251,large,-0.3547,-0.44,47.81,6.8127,-1.1874,0.5256,-1.4768,0.8799,5956,-0.7449,-1.8425,-7.48,-1.5857,0.0892,-2.0321,0.6245
golden_cross,hot,oos,present,1004,large,0.6783,0.88,51.29,5.5815,0.367,1.0445,-0.0957,1.4099,28776,0.2058,-0.13,-1.59,-0.1231,0.5364,-0.7079,1.1739
golden_cross,ice,oos,present,51,medium,0.0152,0.0,47.06,4.9877,-1.3665,1.3299,-0.8373,1.2946,1651,-1.2098,0.0,0.78,-2.7129,0.1252,-2.6822,0.2992
golden_cross,warmup,oos,present,995,large,0.7929,1.97,54.97,6.3957,0.3977,1.192,-0.0623,1.7017,30995,0.1982,0.575,-1.89,-0.203,0.598,-0.7203,1.1774
ignition,cooldown,train,present,92,medium,2.4115,2.7475,70.65,5.0186,1.4287,3.4973,1.6391,3.2814,6451,0.6349,0.8825,7.17,-0.3464,1.6889,-0.4903,1.8157
ignition,euphoria,train,present,86,medium,2.8842,2.8825,70.93,5.5746,1.7098,4.0576,-1.1126,4.6572,5066,1.0195,0.8025,5.93,-0.1668,2.2752,-3.3303,3.1545
ignition,hot,train,present,629,large,0.4531,0.29,50.24,6.6228,-0.1066,0.9752,-0.4064,1.4392,53747,-0.2782,-0.64,-2.83,-0.7709,0.2077,-1.1907,0.7328
ignition,ice,train,present,113,large,4.6333,3.92,76.99,9.2061,3.1348,6.302,0.8988,7.3306,2106,2.956,2.01,15.31,1.4743,5.0114,-0.551,6.1037
ignition,warmup,train,present,1355,large,1.2716,2.03,56.75,6.6282,0.9126,1.6203,0.6877,1.8892,72928,0.6793,0.965,2.9,0.3136,1.0171,-0.0309,1.3714
ignition,cooldown,validation,present,130,large,0.3303,-0.76,46.92,6.8203,-0.7944,1.6118,-0.7565,1.0952,5686,0.3509,-1.4525,-4.13,-0.8741,1.5974,-0.9295,1.509
ignition,euphoria,validation,present,15,small,2.382,4.16,53.33,6.8527,-0.68,5.6537,-0.68,5.6537,1083,-0.9239,1.47,-23.12,-4.2744,2.6726,,
ignition,hot,validation,present,400,large,1.06,1.825,55.25,6.5732,0.4467,1.7883,-0.0084,2.0967,22411,-0.0648,0.385,-2.56,-0.6901,0.5514,-1.2847,1.1577
ignition,ice,validation,present,22,small,3.6541,4.325,81.82,5.0636,1.7035,5.7197,1.4027,8.4183,831,1.824,2.285,15.15,-0.2643,4.0089,-0.4429,6.6803
ignition,warmup,validation,present,689,large,0.2166,-0.62,48.33,6.1563,-0.2812,0.6769,-0.4931,0.9265,39373,-0.1247,-0.97,-2.45,-0.5911,0.3402,-0.8914,0.7228
ignition,cooldown,oos,present,152,large,-0.2626,2.015,52.63,7.249,-1.3928,0.801,-1.7655,1.199,6055,-0.6383,0.625,-2.41,-1.8077,0.5379,-2.4039,0.9565
ignition,hot,oos,present,839,large,1.2633,2.05,60.31,5.5914,0.8977,1.6481,0.3901,2.0959,28941,0.8066,1.07,7.7,0.4124,1.1555,-0.1754,1.954
ignition,ice,oos,present,43,medium,1.5528,1.95,55.81,6.1546,-0.2632,3.3121,-0.9241,2.6998,1659,0.3735,1.95,9.76,-1.5177,2.2026,-2.2098,1.8484
ignition,warmup,oos,present,1086,large,0.9339,2.1525,59.94,6.7225,0.5197,1.3476,-0.0125,1.9026,30904,0.3447,0.7725,3.25,-0.0841,0.7477,-0.6738,1.4225
island_rev,cooldown,train,present,5,small,-1.26,-3.16,40.0,6.3248,-5.832,3.4247,-7.135,1.7733,6538,-3.0478,-5.045,-23.6,-7.423,2.6264,-8.4822,0.119
island_rev,euphoria,train,present,16,small,5.4737,4.3775,81.25,6.0823,2.926,8.5147,2.0623,8.485,5136,3.6032,2.2875,16.2,0.8311,6.829,-0.0715,6.8562
island_rev,hot,train,present,87,medium,0.9866,1.335,51.72,5.766,-0.3866,2.1739,-0.4438,2.4261,54289,0.2589,0.41,-1.31,-0.9561,1.5697,-1.1297,1.6827
island_rev,ice,train,present,28,small,3.4993,2.895,64.29,8.0171,0.6453,6.4757,-6.998,4.4468,2191,1.6928,0.915,1.85,-1.0414,4.7425,-8.5939,3.5688
island_rev,warmup,train,present,267,large,0.3171,-0.44,48.69,6.4719,-0.4784,1.095,-0.3487,1.3416,74016,-0.2886,-1.52,-5.23,-1.1385,0.5202,-1.0112,0.7361
island_rev,cooldown,validation,present,37,medium,1.4732,2.02,56.76,5.1822,-0.088,3.2598,0.7578,2.6575,5779,1.4955,1.37,5.83,-0.1785,3.2209,0.3333,3.0985
island_rev,euphoria,validation,present,1,small,3.78,3.78,100.0,0.0,,,,,1097,0.4872,1.09,23.88,,,,
island_rev,hot,validation,present,38,medium,0.2243,-0.515,47.37,5.8698,-1.604,1.8993,-2.11,2.1564,22773,-0.9009,-1.955,-10.41,-2.7165,0.8058,-3.3554,1.2219
island_rev,warmup,validation,present,189,large,0.7409,1.115,51.32,6.2632,-0.1187,1.6007,-0.2392,2.0546,39873,0.4036,0.79,0.59,-0.4563,1.3173,-0.6707,1.6942
island_rev,cooldown,oos,present,9,small,-1.8467,-3.15,44.44,8.7857,-7.0,3.4016,-7.5203,5.1514,6198,-2.2099,-4.55,-10.56,-7.8624,3.0582,-8.4681,4.859
island_rev,hot,oos,present,139,large,0.8947,2.19,54.68,5.6828,0.0183,1.8273,-0.3895,2.3207,29641,0.4172,1.185,1.86,-0.5038,1.363,-1.0245,1.996
island_rev,ice,oos,present,1,small,-9.33,-9.33,0.0,0.0,,,,,1701,-10.5249,-9.33,-46.33,,,,
island_rev,warmup,oos,present,114,large,0.4891,0.795,51.75,5.3167,-0.4988,1.5926,-0.4224,1.6591,31876,-0.1122,-0.605,-5.07,-1.1447,0.8705,-1.109,1.1448
long_yang_seven,cooldown,train,present,110,large,2.3665,2.765,64.55,7.2653,1.0747,3.6554,1.1074,3.6667,6433,0.5909,0.905,0.98,-0.6801,1.9648,-0.9387,2.1451
long_yang_seven,euphoria,train,present,170,large,2.1518,3.215,64.71,6.5268,1.1892,3.151,-0.58,4.1974,4982,0.2793,1.135,-0.41,-0.582,1.2549,-2.935,2.7379
long_yang_seven,hot,train,present,959,large,1.3764,2.19,55.06,6.625,0.9591,1.813,0.8419,1.8826,53417,0.6599,1.28,2.06,0.2488,1.1198,0.017,1.2863
long_yang_seven,ice,train,present,42,medium,1.1763,3.825,61.9,8.0911,-1.4017,3.434,-1.9407,4.5703,2177,-0.6641,1.855,-0.57,-3.2043,1.6976,-4.0048,3.2428
long_yang_seven,warmup,train,present,1429,large,1.2433,2.22,55.56,7.5027,0.8425,1.6358,0.6783,1.805,72854,0.6511,1.155,1.69,0.2588,1.0548,0.0421,1.2742
long_yang_seven,cooldown,validation,present,107,large,-0.5993,-0.8,48.6,8.1562,-2.114,0.8924,-2.2282,1.044,5709,-0.5976,-1.47,-2.41,-2.0735,0.888,-2.4662,1.4027
long_yang_seven,euphoria,validation,present,34,medium,5.2413,5.42,76.47,5.6894,3.3767,7.2062,3.3767,7.2062,1064,2.0103,2.735,0.34,0.3602,4.0358,,
long_yang_seven,hot,validation,present,471,large,1.8299,2.345,59.24,6.6136,1.2658,2.4711,0.5629,3.4645,22340,0.721,0.9175,1.5,0.1303,1.2969,-0.7411,2.4282
long_yang_seven,ice,validation,present,26,small,1.8052,0.495,50.0,7.8465,-1.0848,4.9766,0.136,2.4511,827,-0.0742,-1.58,-17.59,-2.8666,3.1278,-1.7434,0.6903
long_yang_seven,warmup,validation,present,665,large,0.342,-0.68,47.67,7.1545,-0.1595,0.8881,-0.2932,1.0082,39397,0.0029,-1.03,-3.12,-0.5185,0.5706,-0.7304,0.732
long_yang_seven,cooldown,oos,present,113,large,0.8448,2.49,59.29,8.1139,-0.6347,2.3739,-1.3833,3.0013,6094,0.4937,1.1,4.39,-1.0503,1.8907,-2.1543,2.6942
long_yang_seven,hot,oos,present,515,large,1.2737,2.35,57.86,6.5129,0.7007,1.8674,0.4178,2.0308,29265,0.8082,1.36,5.13,0.2463,1.376,-0.2319,1.7938
long_yang_seven,ice,oos,present,26,small,2.6781,2.8625,53.85,9.2539,-0.7184,5.9967,-1.0602,5.4074,1676,1.5125,2.8625,7.66,-2.0883,4.6969,-2.8253,4.4685
long_yang_seven,warmup,oos,present,548,large,0.6928,2.28,56.39,7.3323,0.103,1.3113,-0.1791,1.6144,31442,0.0935,0.885,-0.43,-0.5332,0.6873,-0.8124,1.1748
lotus,cooldown,train,present,406,large,3.1348,3.57,61.58,10.0215,2.1987,4.0773,1.3045,5.0893,6137,1.4386,1.735,-2.14,0.4441,2.4834,-0.5718,3.5236
lotus,euphoria,train,present,251,large,1.4566,2.46,55.78,7.6888,0.5912,2.3776,-0.2286,3.5729,4901,-0.4469,0.38,-9.8,-1.4311,0.5166,-2.8147,2.1308
lotus,hot,train,present,2639,large,1.2409,2.06,52.48,7.6737,0.9578,1.5324,0.6579,1.8745,51737,0.5389,1.15,-0.58,0.26,0.8306,-0.1557,1.1869
lotus,ice,train,present,229,large,3.4522,3.77,66.81,9.6977,2.2522,4.786,1.5594,5.3946,1990,1.8112,1.89,4.85,0.5881,3.1493,-0.8184,4.3656
lotus,warmup,train,present,4021,large,1.3057,2.24,55.09,8.2466,1.0498,1.5791,0.7936,1.8156,70262,0.7411,1.195,1.25,0.4766,1.0071,0.1379,1.3514
lotus,cooldown,validation,present,319,large,0.9064,2.3,54.86,7.7321,0.1169,1.732,-0.4068,2.0507,5497,0.9725,1.73,4.12,0.1019,1.8038,-0.5339,2.4255
lotus,euphoria,validation,present,68,medium,2.8151,2.34,57.35,6.2315,1.4918,4.3119,1.4918,4.3119,1030,-0.5098,-0.39,-20.03,-1.9979,1.0132,,
lotus,hot,validation,present,1276,large,1.2453,2.25,56.19,7.3191,0.8178,1.6307,-0.1898,2.6518,21535,0.1288,0.845,-1.67,-0.2996,0.5518,-1.5169,1.6848
lotus,ice,validation,present,64,medium,3.1342,3.02,60.94,8.1211,1.0867,5.0578,1.8258,5.5083,789,1.359,0.98,-6.62,-0.5592,3.2946,-0.1086,3.5753
lotus,warmup,validation,present,1973,large,0.3429,-0.17,49.52,7.5478,0.0102,0.6569,-0.2219,0.8611,38089,0.004,-0.52,-1.28,-0.3412,0.3415,-0.6414,0.6276
lotus,cooldown,oos,present,345,large,0.7299,2.33,56.52,8.0932,-0.1362,1.5538,-0.4704,2.0249,5862,0.3916,0.955,1.63,-0.4546,1.2794,-1.0157,1.8625
lotus,hot,oos,present,1252,large,0.8338,2.115,53.59,6.8216,0.4587,1.2055,0.147,1.4139,28528,0.3699,1.125,0.8,-0.0073,0.7581,-0.4897,1.2588
lotus,ice,oos,present,76,medium,2.0847,1.89,51.32,6.3555,0.6498,3.6574,0.6013,3.69,1626,0.9378,1.89,5.25,-0.476,2.4063,-0.977,3.0097
lotus,warmup,oos,present,1632,large,1.0084,2.33,57.29,7.7836,0.6297,1.3717,0.2785,1.6914,30358,0.4294,0.9575,0.51,0.0437,0.8162,-0.4054,1.2575
lu_sniper,cooldown,train,present,745,large,1.8001,2.35,66.44,6.7583,1.3355,2.2406,0.3002,3.2227,5798,0.0166,0.55,3.23,-0.4903,0.5665,-1.4892,1.6859
lu_sniper,euphoria,train,present,87,medium,1.0424,1.98,59.77,5.641,-0.0875,2.2016,0.0978,4.0555,5065,-0.8537,-0.12,-5.42,-1.9331,0.3256,-2.6599,2.8539
lu_sniper,hot,train,present,2660,large,0.8182,1.8,56.8,6.0842,0.5977,1.0321,0.2532,1.3415,51716,0.0947,0.93,3.96,-0.1518,0.3135,-0.5982,0.7437
lu_sniper,ice,train,present,192,large,2.6784,2.9075,72.4,7.9451,1.527,3.8553,0.1339,6.6708,2027,0.9311,1.0125,10.88,-0.2017,2.0306,-2.1148,5.2856
lu_sniper,warmup,train,present,4578,large,0.3871,1.69,55.0,6.2012,0.2104,0.5552,-0.1728,0.9665,69705,-0.2319,0.645,1.17,-0.4155,-0.0626,-0.8733,0.431
lu_sniper,cooldown,validation,present,533,large,-0.3848,-0.91,48.59,7.1639,-1.0107,0.2505,-2.0004,1.1312,5283,-0.4096,-1.63,-2.61,-1.0093,0.1931,-2.1734,1.4185
lu_sniper,euphoria,validation,present,41,medium,4.9598,4.09,92.68,5.339,3.432,6.8016,3.432,6.8016,1057,1.7311,1.47,17.19,0.1672,3.4205,,
lu_sniper,hot,validation,present,897,large,1.295,2.15,59.75,6.1319,0.9338,1.7102,0.2464,2.306,21914,0.1782,0.75,2.07,-0.2059,0.6006,-1.0317,1.3563
lu_sniper,ice,validation,present,67,medium,3.3643,3.945,79.1,6.4765,1.8381,4.8472,2.1175,4.4712,786,1.6139,1.9625,13.07,-0.117,3.1619,0.3734,2.865
lu_sniper,warmup,validation,present,2606,large,0.6229,1.78,55.22,6.3595,0.3774,0.8787,0.0432,1.2399,37456,0.3035,1.6,4.79,0.0526,0.5537,-0.3349,0.9612
lu_sniper,cooldown,oos,present,580,large,1.0381,2.125,58.97,7.6231,0.4414,1.613,-0.0804,2.0585,5627,0.7479,0.815,4.39,0.0913,1.374,-0.641,2.0106
lu_sniper,hot,oos,present,1054,large,1.3451,2.1175,62.62,6.1815,0.9587,1.7096,0.6239,1.9849,28726,0.8974,1.1575,10.15,0.5016,1.2412,0.028,1.751
lu_sniper,ice,oos,present,168,large,1.0228,0.0,45.24,5.9499,0.1913,1.9179,0.3075,2.6013,1534,-0.1841,0.0,-1.18,-1.0665,0.7824,-1.7473,1.4755
lu_sniper,warmup,oos,present,2323,large,0.6249,2.065,59.19,6.8591,0.3354,0.9131,0.0006,1.2306,29667,0.0258,0.715,2.57,-0.2608,0.3001,-0.7644,0.8231
ma5_monster,cooldown,train,present,353,large,2.1459,2.14,58.36,6.2461,1.5256,2.7494,0.8729,3.6436,6190,0.381,0.28,-5.52,-0.241,1.0595,-1.0964,2.1283
ma5_monster,euphoria,train,present,308,large,2.235,2.515,67.53,3.6602,1.8569,2.6399,1.2655,3.9118,4844,0.3758,0.465,2.59,-0.0723,0.8418,-1.4956,2.3584
ma5_monster,hot,train,present,2971,large,0.8554,-0.1,48.64,4.2288,0.7097,1.016,0.4232,1.272,51405,0.1347,-1.06,-4.65,-0.03,0.2806,-0.4116,0.6685
ma5_monster,ice,train,present,89,medium,1.0589,2.16,55.06,6.2201,-0.2827,2.3899,-2.0545,3.9114,2130,-0.8011,0.18,-7.71,-2.0869,0.4742,-4.1571,2.3707
ma5_monster,warmup,train,present,3906,large,0.6595,-0.1,49.1,4.8048,0.5103,0.8038,0.2758,1.0676,70377,0.0579,-1.2,-5.07,-0.0976,0.2008,-0.4608,0.5704
ma5_monster,cooldown,validation,present,236,large,0.4249,0.6,50.85,5.1562,-0.2079,1.028,-0.9109,1.3671,5580,0.4561,-0.06,-0.12,-0.2154,1.1388,-1.1601,1.7671
ma5_monster,euphoria,validation,present,129,large,2.6387,2.54,79.07,2.8737,2.1722,3.1735,2.1722,3.1735,969,-0.7417,-0.19,3.32,-1.3353,-0.1511,,
ma5_monster,hot,validation,present,1686,large,1.2532,1.67,54.15,4.2111,1.0664,1.452,0.7442,1.803,21125,0.1398,0.235,-3.9,-0.0647,0.3374,-0.6823,1.0086
ma5_monster,ice,validation,present,43,medium,1.7195,2.19,60.47,5.4331,0.1834,3.4066,-0.2946,3.7119,810,-0.166,0.125,-6.94,-1.8259,1.5493,-1.98,1.8447
ma5_monster,warmup,validation,present,1985,large,0.2813,-0.42,45.04,4.5189,0.0772,0.4752,-0.1917,0.711,38077,-0.0608,-0.91,-6.0,-0.2749,0.1559,-0.6327,0.4788
ma5_monster,cooldown,oos,present,262,large,0.6968,1.96,54.96,5.712,0.0409,1.3878,-0.6059,1.629,5945,0.3515,0.57,-0.03,-0.3871,1.0474,-1.0466,1.5121
ma5_monster,hot,oos,present,947,large,0.2651,-0.54,43.93,4.7069,-0.0432,0.5649,-0.4088,0.8062,28833,-0.2214,-1.585,-9.19,-0.5111,0.0678,-1.0462,0.6006
ma5_monster,ice,oos,present,124,large,0.4527,0.0,41.94,4.7736,-0.3883,1.2548,-0.1725,2.1092,1578,-0.7938,0.0,-4.71,-1.5888,0.0936,-2.1633,1.1155
ma5_monster,warmup,oos,present,1112,large,0.8482,1.435,51.53,5.8423,0.5124,1.2162,0.2754,1.4061,30878,0.2562,0.035,-5.47,-0.083,0.5957,-0.4928,1.0238
massive_vol,cooldown,train,present,229,large,1.4176,2.21,55.46,7.4594,0.49,2.425,-0.0669,2.8761,6314,-0.3812,0.34,-8.42,-1.2933,0.6315,-1.9353,1.2998
massive_vol,euphoria,train,present,452,large,1.6454,2.305,55.97,5.8272,1.1067,2.1982,0.2789,3.5243,4700,-0.2591,0.225,-10.01,-0.8253,0.2954,-2.2452,2.1135
massive_vol,hot,train,present,3180,large,0.8181,-0.07,49.65,5.3287,0.6336,0.9986,0.3092,1.3163,51196,0.0956,-1.01,-3.59,-0.0897,0.2812,-0.547,0.6977
massive_vol,ice,train,present,126,large,1.429,1.945,58.73,5.5433,0.514,2.289,0.5724,3.1166,2093,-0.4229,-0.045,-3.95,-1.3789,0.6127,-2.3047,1.6083
massive_vol,warmup,train,present,4101,large,0.7184,0.84,50.94,6.1845,0.524,0.9109,0.3526,1.0657,70182,0.1203,-0.24,-3.14,-0.0649,0.3049,-0.363,0.5889
massive_vol,cooldown,validation,present,221,large,-0.1374,-0.11,49.32,6.5239,-0.9796,0.6797,-1.203,0.8217,5595,-0.1296,-0.78,-1.71,-1.0188,0.7687,-1.5328,1.2261
massive_vol,euphoria,validation,present,92,medium,3.1563,2.725,73.91,5.1262,2.122,4.1756,2.122,4.1756,1006,-0.1495,0.03,-2.43,-1.1688,0.9425,,
massive_vol,hot,validation,present,1447,large,1.7577,2.19,56.88,6.4257,1.425,2.0809,0.8825,2.7531,21364,0.6769,0.79,-0.95,0.3344,1.0084,-0.3915,1.7966
massive_vol,ice,validation,present,17,small,0.7941,2.42,58.82,9.3011,-4.1536,4.6367,-1.5647,3.255,836,-1.1051,0.35,-8.4,-5.8282,2.7221,-3.7067,1.6807
massive_vol,warmup,validation,present,2000,large,0.5891,-0.19,48.4,5.8623,0.36,0.8594,0.1514,1.019,38062,0.2631,-0.57,-2.46,0.0028,0.5323,-0.2885,0.7788
massive_vol,cooldown,oos,present,241,large,0.5129,2.14,54.77,7.7615,-0.4167,1.4974,-0.5211,1.3746,5966,0.159,0.75,-0.22,-0.8355,1.1794,-1.2358,1.2441
massive_vol,hot,oos,present,1630,large,0.4353,-0.205,49.02,5.5516,0.1762,0.6954,-0.1675,1.0145,28150,-0.0468,-1.225,-4.03,-0.3062,0.2385,-0.8699,0.7768
massive_vol,ice,oos,present,72,medium,1.8661,0.0,48.61,4.9662,0.8099,3.0463,0.1107,3.0451,1630,0.7073,0.0,2.41,-0.4771,1.892,-1.1392,2.1981
massive_vol,warmup,oos,present,1404,large,0.725,1.96,52.92,6.5633,0.3854,1.0607,0.1288,1.2819,30586,0.1297,0.56,-4.06,-0.2117,0.4716,-0.6325,0.8532
momentum,cooldown,train,present,92,medium,1.9856,2.215,64.13,5.3382,0.8691,3.1293,0.1321,3.3504,6451,0.203,0.345,0.56,-0.8831,1.3605,-1.9332,1.8874
momentum,euphoria,train,present,151,large,1.9479,2.24,62.25,4.7796,1.2195,2.7222,-0.5993,4.0493,5001,0.0682,0.15,-2.94,-0.69,0.8295,-2.8721,2.5566
momentum,hot,train,present,1519,large,0.7971,0.25,51.02,4.3563,0.5882,1.0144,0.327,1.2506,52857,0.0709,-0.68,-2.07,-0.1414,0.3092,-0.4789,0.6274
momentum,ice,train,present,109,large,1.117,1.65,55.05,6.8683,-0.0414,2.5476,-1.122,3.3452,2110,-0.7476,-0.3525,-7.8,-1.9941,0.6416,-3.229,2.0476
momentum,warmup,train,present,2159,large,0.3921,-0.1,49.33,4.7545,0.196,0.5811,-0.0144,0.7982,72124,-0.219,-1.195,-4.71,-0.4267,-0.0028,-0.7104,0.3229
momentum,cooldown,validation,present,158,large,-0.0094,-0.815,43.67,4.759,-0.7643,0.802,-0.8403,0.9694,5658,0.0034,-1.5375,-7.5,-0.7555,0.7356,-1.1481,1.2675
momentum,euphoria,validation,present,20,small,3.259,3.11,75.0,4.4694,1.4583,5.1022,1.4583,5.1022,1078,-0.0349,0.42,-1.16,-2.0208,1.8834,,
momentum,hot,validation,present,817,large,0.9365,1.61,56.3,4.1877,0.6483,1.2345,0.1666,1.6039,21994,-0.1942,0.175,-1.52,-0.4919,0.0898,-1.1447,0.7553
momentum,ice,validation,present,24,small,1.301,1.78,62.5,4.8463,-0.754,3.102,-0.8628,4.5019,829,-0.5928,-0.3,-4.69,-2.5933,1.3871,-2.6773,3.0192
momentum,warmup,validation,present,1368,large,0.2044,-0.5775,44.96,4.4921,-0.0195,0.4245,-0.1985,0.6341,38694,-0.1395,-1.035,-5.98,-0.3829,0.0999,-0.6468,0.3597
momentum,cooldown,oos,present,199,large,-0.3693,0.32,50.25,4.9777,-0.9977,0.3154,-1.3529,0.6121,6008,-0.7536,-1.0825,-4.89,-1.459,-0.0842,-2.0045,0.406
momentum,hot,oos,present,1105,large,0.5642,0.82,51.95,4.5951,0.3107,0.8155,-0.0279,1.1041,28675,0.088,-0.19,-0.92,-0.1827,0.3446,-0.7224,0.9394
momentum,ice,oos,present,70,medium,0.5546,0.0,41.43,4.2581,-0.3331,1.5636,-0.6439,3.5823,1632,-0.6613,0.0,-5.08,-1.6593,0.4224,-2.4846,2.3714
momentum,warmup,oos,present,1054,large,0.6632,1.61,56.36,5.2501,0.3215,0.9869,0.0183,1.2711,30936,0.0644,0.21,-0.46,-0.2749,0.3857,-0.7234,0.8154
old_duck,cooldown,train,present,3125,large,1.9904,2.3,58.75,7.3063,1.7186,2.2613,0.8503,3.3092,3418,0.3923,0.65,-9.24,0.0871,0.6823,-0.8812,1.8856
old_duck,euphoria,train,present,1096,large,0.8322,-0.08,49.73,5.2793,0.5185,1.1411,0.288,4.2026,4056,-1.3331,-2.27,-19.53,-1.7055,-0.9933,-2.6743,2.5456
old_duck,hot,train,present,23480,large,0.8944,0.265,50.42,5.5618,0.8243,0.9665,0.4815,1.2749,30896,0.2926,-0.71,-4.61,0.2028,0.3754,-0.2385,0.8086
old_duck,ice,train,present,1189,large,2.2575,2.67,62.91,7.4538,1.8235,2.6674,0.4822,4.1956,1030,0.9256,1.195,0.97,0.3707,1.5307,-1.2542,3.3733
old_duck,warmup,train,present,32042,large,0.7823,1.0675,51.46,6.1691,0.7213,0.8525,0.4366,1.1537,42241,0.3123,-0.0125,-4.3,0.2343,0.3954,-0.1786,0.8038
old_duck,cooldown,validation,present,2716,large,0.372,1.615,51.62,6.345,0.1342,0.5969,-0.6099,1.0888,3100,0.7218,1.3675,1.23,0.4153,0.9996,-0.6399,1.9075
old_duck,euphoria,validation,present,680,large,3.5253,3.0625,77.21,4.9039,3.1463,3.8734,3.1463,3.8734,418,0.6096,0.8075,2.8,0.0153,1.1923,,
old_duck,hot,validation,present,11270,large,1.353,2.03,56.12,5.8264,1.2484,1.457,0.6141,2.1684,11541,0.4532,0.77,-3.25,0.3285,0.5975,-0.4647,1.44
old_duck,ice,validation,present,454,large,2.4698,2.755,63.66,6.2215,1.8881,3.036,2.1785,2.8344,399,1.2671,1.07,-7.27,0.5395,2.0429,0.4979,2.0219
old_duck,warmup,validation,present,16800,large,0.407,-0.3,48.42,5.9744,0.316,0.499,0.0569,0.7519,23262,0.1169,-1.02,-3.99,0.0041,0.2199,-0.3717,0.5863
old_duck,cooldown,oos,present,2533,large,0.683,2.06,54.88,7.0695,0.432,0.9583,-0.2177,1.4873,3674,0.5456,0.8225,-0.19,0.2053,0.8728,-0.6325,1.5242
old_duck,hot,oos,present,10023,large,0.7281,1.43,51.65,5.8751,0.6108,0.8414,0.1586,1.2397,19757,0.3748,0.445,-1.77,0.2503,0.5001,-0.4489,1.2208
old_duck,ice,oos,present,844,large,1.4964,0.0,48.93,5.1609,1.177,1.8799,0.5789,2.9145,858,0.6104,0.0,5.23,0.1526,1.0749,-0.8447,2.2025
old_duck,warmup,oos,present,12223,large,0.7495,2.0,54.23,6.6388,0.6316,0.8564,0.2212,1.298,19767,0.2404,0.7,-4.16,0.1033,0.3791,-0.5107,0.9669
single_yang,cooldown,train,present,238,large,2.327,3.41,62.61,7.5171,1.4189,3.2625,0.5427,4.8347,6305,0.562,1.56,-1.01,-0.4264,1.4097,-1.3884,3.0963
single_yang,euphoria,train,present,543,large,3.8156,3.97,75.51,6.2056,3.2944,4.3102,2.748,4.6493,4609,2.1617,2.035,11.63,1.6293,2.7249,0.2476,3.7022
single_yang,hot,train,present,2710,large,1.4378,2.15,54.54,6.3077,1.1929,1.672,0.8659,1.9616,51666,0.7469,1.265,1.58,0.5119,0.9931,0.1293,1.3552
single_yang,ice,train,present,89,medium,2.9977,2.57,61.8,10.6551,0.9507,5.4782,0.0867,6.9975,2130,1.2187,0.6,-0.69,-0.8346,3.5399,-2.0999,5.5049
single_yang,warmup,train,present,3527,large,1.2865,2.21,55.6,6.9635,1.0628,1.5438,0.7466,1.8322,70756,0.7158,1.165,1.78,0.476,0.9343,0.092,1.3347
single_yang,cooldown,validation,present,268,large,0.682,-0.395,49.25,7.265,-0.281,1.621,-0.4232,1.7185,5548,0.7283,-1.07,-1.79,-0.1402,1.6369,-0.6741,2.0774
single_yang,euphoria,validation,present,86,medium,3.7707,3.4,79.07,4.8253,2.829,4.8737,2.829,4.8737,1012,0.518,0.7675,3.18,-0.5341,1.5371,,
single_yang,hot,validation,present,1035,large,1.3117,2.26,56.91,6.2303,0.9189,1.6967,0.4773,2.173,21776,0.1969,0.85,-0.9,-0.1939,0.6214,-0.8278,1.2549
single_yang,ice,validation,present,37,medium,4.6165,5.14,75.68,5.8181,2.5684,6.4446,2.9076,6.8506,816,2.8635,3.115,9.01,0.9873,4.7528,1.0007,5.0135
single_yang,warmup,validation,present,1741,large,0.7687,1.98,50.83,6.7283,0.4762,1.0797,0.0617,1.4314,38321,0.4491,1.67,0.1,0.1399,0.7708,-0.3557,1.1651
single_yang,cooldown,oos,present,308,large,0.9035,2.3,56.49,7.5471,0.0619,1.7282,-0.7737,2.3233,5899,0.5718,0.92,1.59,-0.2511,1.4495,-1.3027,2.1656
single_yang,hot,oos,present,1141,large,1.3843,2.39,59.6,6.2802,1.042,1.7598,0.5934,2.1612,28639,0.9409,1.42,7.04,0.5564,1.3335,-0.0753,1.8783
single_yang,ice,oos,present,49,medium,2.0508,0.0,48.98,6.6799,0.2367,4.05,0.3755,3.8497,1653,0.8876,0.0,2.76,-0.9322,2.9543,-1.1409,2.8242
single_yang,warmup,oos,present,1299,large,1.3374,2.36,56.43,7.3103,0.9391,1.7066,0.5943,2.103,30691,0.7677,0.98,-0.39,0.3568,1.2008,-0.1079,1.7097
t1_swing,cooldown,train,present,2943,large,1.4616,1.565,61.54,5.8443,1.2639,1.6693,0.7673,2.2182,3600,-0.5886,-0.505,-3.71,-0.8761,-0.3074,-1.8812,0.7011
t1_swing,euphoria,train,present,4013,large,1.8199,2.02,66.16,5.3342,1.6607,1.974,0.5833,3.3016,1139,-0.2798,-0.37,4.79,-0.6548,0.1106,-2.749,2.0712
t1_swing,hot,train,present,33101,large,0.6749,0.66,51.94,4.8791,0.6257,0.7248,0.304,1.0328,21275,-0.1359,-0.61,-2.79,-0.2246,-0.0384,-0.6421,0.3381
t1_swing,ice,train,present,999,large,1.1436,1.45,57.96,6.2962,0.7631,1.5586,-0.1112,2.4636,1220,-1.2445,-0.85,-8.19,-1.7972,-0.6776,-3.6479,0.9451
t1_swing,warmup,train,present,40568,large,0.565,0.8725,53.02,5.4378,0.5112,0.6162,0.2264,0.8606,33715,-0.0874,-0.4275,-1.95,-0.1664,-0.0031,-0.5461,0.3773
t1_swing,cooldown,validation,present,2539,large,0.1289,0.83,51.71,5.546,-0.0848,0.3447,-0.6939,0.7877,3277,0.2515,0.595,1.33,-0.0322,0.5487,-1.0867,1.4916
t1_swing,euphoria,validation,present,622,large,3.3209,2.555,75.72,5.0525,2.9385,3.6884,2.9385,3.6884,476,0.0637,-0.285,-0.96,-0.5268,0.6785,,
t1_swing,hot,validation,present,13635,large,1.2092,1.38,57.91,5.3484,1.1213,1.3009,0.4935,1.9555,9176,0.2125,-0.095,0.36,0.0863,0.3535,-0.7325,1.1846
t1_swing,ice,validation,present,272,large,1.5369,1.8,61.03,6.1796,0.8063,2.2855,0.9254,2.1948,581,-0.4996,-0.32,-8.85,-1.3035,0.3636,-1.3623,0.3472
t1_swing,warmup,validation,present,21222,large,0.3188,0.1175,50.26,5.1446,0.2509,0.387,0.0132,0.6202,18840,-0.0432,-0.5025,-1.01,-0.1452,0.0621,-0.5189,0.4201
t1_swing,cooldown,oos,present,3026,large,0.328,1.18,54.79,5.8756,0.1075,0.5484,-0.3771,1.085,3181,-0.0626,-0.37,-0.38,-0.3849,0.2557,-1.2189,1.0648
t1_swing,hot,oos,present,17323,large,0.3471,0.65,51.34,5.2594,0.2667,0.4256,-0.2921,0.9038,12457,-0.3164,-0.695,-3.56,-0.4394,-0.2007,-1.115,0.4822
t1_swing,ice,oos,present,779,large,1.0583,0.0,43.77,4.371,0.7721,1.3516,0.2174,2.6899,923,-0.2405,0.0,-4.65,-0.6584,0.2225,-1.7188,1.6649
t1_swing,warmup,oos,present,15896,large,0.5778,1.17,56.15,5.6889,0.4847,0.6735,0.1305,0.9839,16094,-0.0459,-0.4,-1.31,-0.1774,0.0843,-0.7173,0.6036
three_horse,cooldown,train,present,1151,large,1.4369,2.21,54.65,7.2693,1.0286,1.8549,0.3003,2.9486,5392,-0.423,0.37,-10.84,-0.8479,0.0384,-1.8052,1.1848
three_horse,euphoria,train,present,1008,large,1.1916,2.05,53.97,5.4476,0.824,1.5301,0.174,3.2022,4144,-0.858,-0.07,-13.84,-1.2499,-0.5121,-2.5927,1.6039
three_horse,hot,train,present,12373,large,1.0179,0.155,50.16,5.8866,0.9098,1.1264,0.6142,1.4297,42003,0.3752,-0.8,-3.72,0.2608,0.4883,-0.1583,0.8862
three_horse,ice,train,present,409,large,1.3528,2.37,56.72,7.48,0.6193,2.1174,-0.6103,3.6733,1810,-0.5823,0.44,-7.03,-1.3995,0.1679,-3.1992,2.1025
three_horse,warmup,train,present,15318,large,0.7326,0.565,50.58,6.538,0.6205,0.8412,0.3377,1.1187,58965,0.1612,-0.535,-4.19,0.0388,0.2724,-0.3525,0.6694
three_horse,cooldown,validation,present,1062,large,0.2127,1.645,51.69,6.9258,-0.1911,0.6514,-0.8196,1.0469,4754,0.2758,1.0425,0.9,-0.1599,0.7231,-1.1412,1.5021
three_horse,euphoria,validation,present,409,large,3.6801,3.22,76.04,5.1793,3.2046,4.1789,3.2046,4.1789,689,0.6164,0.77,-0.16,-0.0445,1.1955,,
three_horse,hot,validation,present,6181,large,1.3486,2.08,55.38,6.193,1.1906,1.4956,0.437,2.3932,16630,0.3085,0.73,-3.27,0.1401,0.4756,-0.823,1.4732
three_horse,ice,validation,present,141,large,3.0254,3.61,65.25,7.7098,1.8098,4.2632,2.2059,3.9726,712,1.3756,1.6475,-2.17,0.0267,2.6601,0.3656,2.4168
three_horse,warmup,validation,present,8177,large,0.4497,-0.37,48.34,6.4634,0.3122,0.5837,-0.0061,0.8975,31885,0.1389,-0.93,-3.01,-0.0069,0.2993,-0.4236,0.6566
three_horse,cooldown,oos,present,909,large,1.311,2.2,56.66,7.3942,0.8642,1.7799,0.0242,2.295,5298,1.1141,0.89,1.96,0.5743,1.6316,-0.3472,2.2292
three_horse,hot,oos,present,4225,large,0.7108,1.74,51.29,6.0181,0.5317,0.8936,0.1563,1.2571,25555,0.2696,0.74,-1.79,0.0742,0.46,-0.5069,1.0767
three_horse,ice,oos,present,280,large,1.0547,0.0,43.93,5.278,0.4534,1.666,0.2054,2.1352,1422,-0.1604,0.0,-2.84,-0.8407,0.4733,-1.6649,1.2988
three_horse,warmup,oos,present,4543,large,0.6357,2.0,52.43,6.8001,0.4319,0.83,0.0913,1.156,27447,0.0406,0.615,-5.1,-0.1639,0.2424,-0.7212,0.7374
trend,cooldown,train,present,62,medium,1.8191,2.305,67.74,5.5956,0.4149,3.2309,-0.8654,3.6973,6481,0.034,0.435,4.2,-1.3528,1.4354,-3.0443,2.0093
trend,euphoria,train,present,118,large,3.5543,3.1225,86.44,3.7933,2.9269,4.2567,1.9872,4.6073,5034,1.7118,1.0525,21.84,1.011,2.4496,-0.595,3.3338
trend,hot,train,present,563,large,0.4564,-0.115,49.02,5.0414,0.0302,0.8378,-0.6075,1.5357,53813,-0.2745,-1.045,-4.05,-0.6964,0.1299,-1.3613,0.7489
trend,ice,train,present,5,small,-0.824,2.15,60.0,5.9022,-5.242,3.569,-5.7521,4.7637,2214,-2.6578,0.165,-2.47,-7.2051,1.8379,-7.6507,2.9116
trend,warmup,train,present,812,large,1.3834,2.005,58.0,5.6741,0.9949,1.8096,0.7068,2.0358,73471,0.7874,0.935,4.15,0.3884,1.1821,-0.0106,1.4921
trend,cooldown,validation,present,18,small,-1.4542,-2.29,33.33,5.0007,-3.6638,0.7473,-3.3413,0.0513,5798,-1.4459,-2.9725,-17.68,-3.6344,0.8359,-3.3061,0.3553
trend,euphoria,validation,present,11,small,4.4264,3.3,90.91,4.1864,2.2295,6.9361,2.2295,6.9361,1087,1.1446,0.61,14.92,-1.1141,3.6027,,
trend,hot,validation,present,214,large,1.3122,1.85,55.14,5.2587,0.6315,2.048,0.1492,2.4102,22597,0.1903,0.41,-2.65,-0.5326,0.9235,-1.2207,1.3518
trend,ice,validation,present,3,small,3.1017,2.19,100.0,1.662,2.095,5.02,2.1425,5.02,850,1.2288,0.125,33.06,-0.0015,3.0325,-0.1506,3.4471
trend,warmup,validation,present,236,large,0.328,-0.37,48.31,4.9059,-0.2574,0.9474,-0.5106,1.1492,39826,-0.0112,-0.71,-2.45,-0.6354,0.5997,-0.8546,0.8866
trend,cooldown,oos,present,36,medium,0.6685,1.8825,58.33,5.4424,-1.187,2.391,-1.3791,2.2841,6171,0.3102,0.4925,3.37,-1.5236,2.0093,-1.7653,2.0345
trend,hot,oos,present,212,large,0.2425,-0.4,45.75,4.6108,-0.3711,0.8277,-0.6218,1.0012,29568,-0.2386,-1.415,-7.12,-0.8363,0.4049,-1.296,0.6868
trend,ice,oos,present,18,small,1.9508,1.7425,66.67,4.1049,0.1259,3.7343,-0.4645,5.9835,1684,0.7702,1.7425,20.59,-0.9487,2.7023,-2.1228,4.7999
trend,warmup,oos,present,135,large,1.1994,1.77,54.81,5.1574,0.2902,2.0785,0.3488,2.1221,31855,0.601,0.37,-2.0,-0.2654,1.4558,-0.3972,1.6517
