pattern_name,regime,period,n_present,baseline_n,incremental_mean,incremental_median,incremental_win_rate,incremental_event_ci_low,incremental_event_ci_high,incremental_date_cluster_ci_low,incremental_date_cluster_ci_high,train_incremental_mean,val_incremental_mean,stability,evidence_status,sample_label
breakout,cooldown,oos,2176,4031,0.6305,0.78,-0.11,0.2705,1.0082,-0.5609,1.7784,0.5825,0.6031,STABLE_POSITIVE,MODERATE,large
breakout,hot,oos,9234,20546,0.297,0.1175,-1.82,0.1614,0.442,-0.5261,1.1318,0.4609,0.475,STABLE_POSITIVE,MODERATE,large
breakout,ice,oos,598,1104,0.3064,0.0,4.93,-0.1541,0.8312,-1.223,1.8917,0.3481,1.5079,STABLE_POSITIVE,WEAK,large
breakout,warmup,oos,10423,21567,0.2435,0.67,-3.33,0.0998,0.3935,-0.4858,0.9459,0.3068,0.1386,STABLE_POSITIVE,MODERATE,large
divine_explorer,cooldown,oos,112,6095,-0.2286,0.575,-0.53,-1.5806,1.2414,-2.477,1.5596,-0.1629,0.7189,SIGN_FLIP,WEAK,large
divine_explorer,hot,oos,268,29512,-0.3651,-1.94,-8.12,-0.9006,0.1848,-1.1958,0.5461,-0.0225,0.2361,SIGN_FLIP,WEAK,large
divine_explorer,ice,oos,53,1649,0.068,0.19,4.79,-1.1843,1.4331,-1.3375,1.1271,0.2178,0.3205,STABLE_POSITIVE,WEAK,medium
divine_explorer,warmup,oos,476,31514,-0.8394,-1.6075,-7.55,-1.3384,-0.343,-1.6633,-0.0555,0.3742,-0.0573,SIGN_FLIP,WEAK,large
fairy_guide,hot,oos,39,29741,0.5572,2.065,8.72,-2.1546,3.2391,-2.4672,3.3585,3.0228,-3.8588,SIGN_FLIP,WEAK,medium
fairy_guide,warmup,oos,53,31937,2.7488,2.03,11.14,-0.1027,5.6293,-0.0532,5.2196,1.1642,3.4889,STABLE_POSITIVE,WEAK,medium
fake_yin,cooldown,oos,335,5872,0.6032,0.6725,0.88,-0.0424,1.2804,-0.8625,1.9694,-0.4893,0.2901,SIGN_FLIP,WEAK,large
fake_yin,hot,oos,1232,28548,-0.075,-1.3975,-4.9,-0.386,0.2008,-0.9415,0.8629,-0.0692,0.561,SIGN_FLIP,WEAK,large
fake_yin,ice,oos,209,1493,-0.1919,0.0,-2.05,-0.7239,0.378,-1.5906,1.3697,-0.7088,-0.9225,STABLE_NEGATIVE,WEAK,large
fake_yin,warmup,oos,1364,30626,0.0865,0.615,-3.51,-0.2147,0.4075,-0.6441,0.7955,0.0729,-0.1116,SIGN_FLIP,WEAK,large
gap_proof,cooldown,oos,4016,2191,-0.8494,-0.91,-3.05,-1.205,-0.491,-1.9943,0.4003,-1.0391,-0.5619,STABLE_NEGATIVE,WEAK,large
gap_proof,hot,oos,22585,7195,-0.4307,-0.6,-2.13,-0.5869,-0.2636,-1.2269,0.4394,-0.2664,-0.2721,STABLE_NEGATIVE,WEAK,large
gap_proof,ice,oos,1056,646,0.0132,0.0,-2.97,-0.5196,0.4983,-1.5487,1.8328,-0.7604,-1.5525,SIGN_FLIP,WEAK,large
gap_proof,warmup,oos,22278,9712,-0.3024,-0.71,1.06,-0.4529,-0.1476,-1.0697,0.4314,-0.4686,-0.3071,STABLE_NEGATIVE,WEAK,large
golden_cross,cooldown,oos,251,5956,-0.7449,-1.8425,-7.48,-1.5857,0.0892,-2.0321,0.6245,-0.5024,0.3552,STABLE_NEGATIVE,WEAK,large
golden_cross,hot,oos,1004,28776,0.2058,-0.13,-1.59,-0.1231,0.5364,-0.7079,1.1739,0.015,-0.2315,SIGN_FLIP,WEAK,large
golden_cross,ice,oos,51,1651,-1.2098,0.0,0.78,-2.7129,0.1252,-2.6822,0.2992,0.4886,2.2801,SIGN_FLIP,WEAK,medium
golden_cross,warmup,oos,995,30995,0.1982,0.575,-1.89,-0.203,0.598,-0.7203,1.1774,0.1737,-0.1091,STABLE_POSITIVE,WEAK,large
ignition,cooldown,oos,152,6055,-0.6383,0.625,-2.41,-1.8077,0.5379,-2.4039,0.9565,0.6349,0.3509,SIGN_FLIP,WEAK,large
ignition,hot,oos,839,28941,0.8066,1.07,7.7,0.4124,1.1555,-0.1754,1.954,-0.2782,-0.0648,SIGN_FLIP,WEAK,large
ignition,ice,oos,43,1659,0.3735,1.95,9.76,-1.5177,2.2026,-2.2098,1.8484,2.956,1.824,STABLE_POSITIVE,WEAK,medium
ignition,warmup,oos,1086,30904,0.3447,0.7725,3.25,-0.0841,0.7477,-0.6738,1.4225,0.6793,-0.1247,STABLE_POSITIVE,WEAK,large
island_rev,hot,oos,139,29641,0.4172,1.185,1.86,-0.5038,1.363,-1.0245,1.996,0.2589,-0.9009,SIGN_FLIP,WEAK,large
island_rev,warmup,oos,114,31876,-0.1122,-0.605,-5.07,-1.1447,0.8705,-1.109,1.1448,-0.2886,0.4036,SIGN_FLIP,WEAK,large
long_yang_seven,cooldown,oos,113,6094,0.4937,1.1,4.39,-1.0503,1.8907,-2.1543,2.6942,0.5909,-0.5976,SIGN_FLIP,WEAK,large
long_yang_seven,hot,oos,515,29265,0.8082,1.36,5.13,0.2463,1.376,-0.2319,1.7938,0.6599,0.721,STABLE_POSITIVE,MODERATE,large
long_yang_seven,ice,oos,26,1676,1.5125,2.8625,7.66,-2.0883,4.6969,-2.8253,4.4685,-0.6641,-0.0742,SIGN_FLIP,INCONCLUSIVE,small
long_yang_seven,warmup,oos,548,31442,0.0935,0.885,-0.43,-0.5332,0.6873,-0.8124,1.1748,0.6511,0.0029,STABLE_POSITIVE,WEAK,large
lotus,cooldown,oos,345,5862,0.3916,0.955,1.63,-0.4546,1.2794,-1.0157,1.8625,1.4386,0.9725,STABLE_POSITIVE,WEAK,large
lotus,hot,oos,1252,28528,0.3699,1.125,0.8,-0.0073,0.7581,-0.4897,1.2588,0.5389,0.1288,STABLE_POSITIVE,WEAK,large
lotus,ice,oos,76,1626,0.9378,1.89,5.25,-0.476,2.4063,-0.977,3.0097,1.8112,1.359,STABLE_POSITIVE,WEAK,medium
lotus,warmup,oos,1632,30358,0.4294,0.9575,0.51,0.0437,0.8162,-0.4054,1.2575,0.7411,0.004,STABLE_POSITIVE,MODERATE,large
lu_sniper,cooldown,oos,580,5627,0.7479,0.815,4.39,0.0913,1.374,-0.641,2.0106,0.0166,-0.4096,SIGN_FLIP,WEAK,large
lu_sniper,hot,oos,1054,28726,0.8974,1.1575,10.15,0.5016,1.2412,0.028,1.751,0.0947,0.1782,STABLE_POSITIVE,STRONG,large
lu_sniper,ice,oos,168,1534,-0.1841,0.0,-1.18,-1.0665,0.7824,-1.7473,1.4755,0.9311,1.6139,SIGN_FLIP,WEAK,large
lu_sniper,warmup,oos,2323,29667,0.0258,0.715,2.57,-0.2608,0.3001,-0.7644,0.8231,-0.2319,0.3035,STABLE_POSITIVE,WEAK,large
ma5_monster,cooldown,oos,262,5945,0.3515,0.57,-0.03,-0.3871,1.0474,-1.0466,1.5121,0.381,0.4561,STABLE_POSITIVE,WEAK,large
ma5_monster,hot,oos,947,28833,-0.2214,-1.585,-9.19,-0.5111,0.0678,-1.0462,0.6006,0.1347,0.1398,SIGN_FLIP,WEAK,large
ma5_monster,ice,oos,124,1578,-0.7938,0.0,-4.71,-1.5888,0.0936,-2.1633,1.1155,-0.8011,-0.166,STABLE_NEGATIVE,WEAK,large
ma5_monster,warmup,oos,1112,30878,0.2562,0.035,-5.47,-0.083,0.5957,-0.4928,1.0238,0.0579,-0.0608,SIGN_FLIP,WEAK,large
massive_vol,cooldown,oos,241,5966,0.159,0.75,-0.22,-0.8355,1.1794,-1.2358,1.2441,-0.3812,-0.1296,SIGN_FLIP,WEAK,large
massive_vol,hot,oos,1630,28150,-0.0468,-1.225,-4.03,-0.3062,0.2385,-0.8699,0.7768,0.0956,0.6769,SIGN_FLIP,WEAK,large
massive_vol,ice,oos,72,1630,0.7073,0.0,2.41,-0.4771,1.892,-1.1392,2.1981,-0.4229,-1.1051,SIGN_FLIP,WEAK,medium
massive_vol,warmup,oos,1404,30586,0.1297,0.56,-4.06,-0.2117,0.4716,-0.6325,0.8532,0.1203,0.2631,STABLE_POSITIVE,WEAK,large
momentum,cooldown,oos,199,6008,-0.7536,-1.0825,-4.89,-1.459,-0.0842,-2.0045,0.406,0.203,0.0034,SIGN_FLIP,WEAK,large
momentum,hot,oos,1105,28675,0.088,-0.19,-0.92,-0.1827,0.3446,-0.7224,0.9394,0.0709,-0.1942,SIGN_FLIP,WEAK,large
momentum,ice,oos,70,1632,-0.6613,0.0,-5.08,-1.6593,0.4224,-2.4846,2.3714,-0.7476,-0.5928,STABLE_NEGATIVE,WEAK,medium
momentum,warmup,oos,1054,30936,0.0644,0.21,-0.46,-0.2749,0.3857,-0.7234,0.8154,-0.219,-0.1395,SIGN_FLIP,WEAK,large
old_duck,cooldown,oos,2533,3674,0.5456,0.8225,-0.19,0.2053,0.8728,-0.6325,1.5242,0.3923,0.7218,STABLE_POSITIVE,MODERATE,large
old_duck,hot,oos,10023,19757,0.3748,0.445,-1.77,0.2503,0.5001,-0.4489,1.2208,0.2926,0.4532,STABLE_POSITIVE,MODERATE,large
old_duck,ice,oos,844,858,0.6104,0.0,5.23,0.1526,1.0749,-0.8447,2.2025,0.9256,1.2671,STABLE_POSITIVE,MODERATE,large
old_duck,warmup,oos,12223,19767,0.2404,0.7,-4.16,0.1033,0.3791,-0.5107,0.9669,0.3123,0.1169,STABLE_POSITIVE,MODERATE,large
single_yang,cooldown,oos,308,5899,0.5718,0.92,1.59,-0.2511,1.4495,-1.3027,2.1656,0.562,0.7283,STABLE_POSITIVE,WEAK,large
single_yang,hot,oos,1141,28639,0.9409,1.42,7.04,0.5564,1.3335,-0.0753,1.8783,0.7469,0.1969,STABLE_POSITIVE,MODERATE,large
single_yang,ice,oos,49,1653,0.8876,0.0,2.76,-0.9322,2.9543,-1.1409,2.8242,1.2187,2.8635,STABLE_POSITIVE,WEAK,medium
single_yang,warmup,oos,1299,30691,0.7677,0.98,-0.39,0.3568,1.2008,-0.1079,1.7097,0.7158,0.4491,STABLE_POSITIVE,MODERATE,large
t1_swing,cooldown,oos,3026,3181,-0.0626,-0.37,-0.38,-0.3849,0.2557,-1.2189,1.0648,-0.5886,0.2515,STABLE_NEGATIVE,WEAK,large
t1_swing,hot,oos,17323,12457,-0.3164,-0.695,-3.56,-0.4394,-0.2007,-1.115,0.4822,-0.1359,0.2125,SIGN_FLIP,WEAK,large
t1_swing,ice,oos,779,923,-0.2405,0.0,-4.65,-0.6584,0.2225,-1.7188,1.6649,-1.2445,-0.4996,STABLE_NEGATIVE,WEAK,large
t1_swing,warmup,oos,15896,16094,-0.0459,-0.4,-1.31,-0.1774,0.0843,-0.7173,0.6036,-0.0874,-0.0432,STABLE_NEGATIVE,WEAK,large
three_horse,cooldown,oos,909,5298,1.1141,0.89,1.96,0.5743,1.6316,-0.3472,2.2292,-0.423,0.2758,SIGN_FLIP,WEAK,large
three_horse,hot,oos,4225,25555,0.2696,0.74,-1.79,0.0742,0.46,-0.5069,1.0767,0.3752,0.3085,STABLE_POSITIVE,MODERATE,large
three_horse,ice,oos,280,1422,-0.1604,0.0,-2.84,-0.8407,0.4733,-1.6649,1.2988,-0.5823,1.3756,SIGN_FLIP,WEAK,large
three_horse,warmup,oos,4543,27447,0.0406,0.615,-5.1,-0.1639,0.2424,-0.7212,0.7374,0.1612,0.1389,STABLE_POSITIVE,WEAK,large
trend,cooldown,oos,36,6171,0.3102,0.4925,3.37,-1.5236,2.0093,-1.7653,2.0345,0.034,-1.4459,SIGN_FLIP,WEAK,medium
trend,hot,oos,212,29568,-0.2386,-1.415,-7.12,-0.8363,0.4049,-1.296,0.6868,-0.2745,0.1903,STABLE_NEGATIVE,WEAK,large
trend,ice,oos,18,1684,0.7702,1.7425,20.59,-0.9487,2.7023,-2.1228,4.7999,-2.6578,1.2288,SIGN_FLIP,INCONCLUSIVE,small
trend,warmup,oos,135,31855,0.601,0.37,-2.0,-0.2654,1.4558,-0.3972,1.6517,0.7874,-0.0112,STABLE_POSITIVE,WEAK,large
