regime,profile_name,pattern_name,phase2c_direction,phase2d_direction,phase2c_ci_positive,phase2d_ci_positive,stability
hot,momentum_v5,breakout,POSITIVE,POSITIVE,YES,YES,CONSISTENT_POSITIVE
warmup,momentum_v5,breakout,POSITIVE,POSITIVE,YES,YES,CONSISTENT_POSITIVE
warmup,fake_yin,fake_yin,POSITIVE,POSITIVE,YES,YES,CONSISTENT_POSITIVE
warmup,gap_proof,gap_proof,POSITIVE,POSITIVE,YES,YES,CONSISTENT_POSITIVE
hot,momentum_v5,ignition,POSITIVE,POSITIVE,YES,YES,CONSISTENT_POSITIVE
hot,long_yang_seven,long_yang_seven,POSITIVE,POSITIVE,YES,YES,CONSISTENT_POSITIVE
hot,lotus,lotus,POSITIVE,POSITIVE,YES,YES,CONSISTENT_POSITIVE
warmup,lotus,lotus,POSITIVE,POSITIVE,YES,YES,CONSISTENT_POSITIVE
hot,momentum_v5,lu_sniper,POSITIVE,POSITIVE,YES,YES,CONSISTENT_POSITIVE
warmup,momentum_v5,lu_sniper,POSITIVE,POSITIVE,YES,YES,CONSISTENT_POSITIVE
warmup,ma5_monster,ma5_monster,POSITIVE,POSITIVE,YES,YES,CONSISTENT_POSITIVE
warmup,momentum_v5,massive_vol,POSITIVE,POSITIVE,YES,YES,CONSISTENT_POSITIVE
warmup,momentum_v5,momentum,POSITIVE,POSITIVE,YES,YES,CONSISTENT_POSITIVE
hot,old_duck,old_duck,POSITIVE,POSITIVE,YES,YES,CONSISTENT_POSITIVE
warmup,old_duck,old_duck,POSITIVE,POSITIVE,YES,YES,CONSISTENT_POSITIVE
hot,single_yang,single_yang,POSITIVE,POSITIVE,YES,YES,CONSISTENT_POSITIVE
warmup,single_yang,single_yang,POSITIVE,POSITIVE,YES,YES,CONSISTENT_POSITIVE
warmup,t1_swing,t1_swing,POSITIVE,POSITIVE,YES,YES,CONSISTENT_POSITIVE
hot,three_horse,three_horse,POSITIVE,POSITIVE,YES,YES,CONSISTENT_POSITIVE
warmup,three_horse,three_horse,POSITIVE,POSITIVE,YES,YES,CONSISTENT_POSITIVE
warmup,momentum_v5,trend,POSITIVE,POSITIVE,YES,YES,CONSISTENT_POSITIVE
