regime,pattern_name,train_result,validation_result,oos_result,oos_date_cluster_ci_low,oos_date_cluster_ci_high,stability_status
cooldown,breakout,2.1682,0.3773,0.7695,-0.1859,1.7403,HISTORICALLY_CONSISTENT
hot,breakout,1.0121,1.3978,0.6844,0.0783,1.2289,HISTORICALLY_CONSISTENT
ice,breakout,2.0391,2.8088,1.3875,0.4714,2.6672,HISTORICALLY_CONSISTENT
warmup,breakout,0.8008,0.43,0.7651,0.2507,1.2866,HISTORICALLY_CONSISTENT
cooldown,divine_explorer,1.6252,0.6802,0.1356,-1.8899,1.6474,HISTORICALLY_CONSISTENT
hot,divine_explorer,0.7059,1.3545,0.1176,-0.5323,0.8418,HISTORICALLY_CONSISTENT
ice,divine_explorer,2.0415,2.1826,1.2546,0.3886,1.9031,HISTORICALLY_CONSISTENT
warmup,divine_explorer,0.9727,0.2829,-0.226,-0.9151,0.4405,HISTORICALLY_INCONSISTENT
cooldown,fairy_guide,4.5535,-2.3688,0.5225,-4.6186,5.0417,HISTORICALLY_INCONSISTENT
hot,fairy_guide,3.7466,-2.73,1.0359,-1.6774,3.8462,HISTORICALLY_INCONSISTENT
ice,fairy_guide,6.8089,-3.93,5.0,0.0,8.61,HISTORICALLY_INCONSISTENT
warmup,fairy_guide,1.7667,3.8241,3.3452,0.547,5.8047,HISTORICALLY_CONSISTENT
cooldown,fake_yin,1.3283,0.259,0.9307,-0.2218,2.1412,HISTORICALLY_CONSISTENT
hot,fake_yin,0.6621,1.6509,0.4076,-0.3179,1.1086,HISTORICALLY_CONSISTENT
ice,fake_yin,1.1638,0.9839,1.0204,0.2655,2.2742,HISTORICALLY_CONSISTENT
warmup,fake_yin,0.6734,0.234,0.6838,0.1202,1.209,HISTORICALLY_CONSISTENT
cooldown,gap_proof,1.3349,-0.2196,0.0602,-0.596,0.7919,HISTORICALLY_INCONSISTENT
hot,gap_proof,0.641,1.0379,0.3754,-0.1943,0.8556,HISTORICALLY_CONSISTENT
ice,gap_proof,1.4992,1.1983,1.1937,0.4025,2.4714,HISTORICALLY_CONSISTENT
warmup,gap_proof,0.4405,0.2451,0.5091,0.062,0.923,HISTORICALLY_CONSISTENT
cooldown,golden_cross,1.2977,0.3333,-0.3547,-1.4768,0.8799,HISTORICALLY_INCONSISTENT
hot,golden_cross,0.7426,0.9007,0.6783,-0.0957,1.4099,HISTORICALLY_CONSISTENT
ice,golden_cross,2.2976,4.0904,0.0152,-0.8373,1.2946,HISTORICALLY_CONSISTENT
warmup,golden_cross,0.7729,0.2337,0.7929,-0.0623,1.7017,HISTORICALLY_CONSISTENT
cooldown,ignition,2.4115,0.3303,-0.2626,-1.7655,1.199,HISTORICALLY_INCONSISTENT
hot,ignition,0.4531,1.06,1.2633,0.3901,2.0959,HISTORICALLY_CONSISTENT
ice,ignition,4.6333,3.6541,1.5528,-0.9241,2.6998,HISTORICALLY_CONSISTENT
warmup,ignition,1.2716,0.2166,0.9339,-0.0125,1.9026,HISTORICALLY_CONSISTENT
cooldown,island_rev,-1.26,1.4732,-1.8467,-7.5203,5.1514,HISTORICALLY_INCONSISTENT
hot,island_rev,0.9866,0.2243,0.8947,-0.3895,2.3207,HISTORICALLY_CONSISTENT
ice,island_rev,3.4993,,-9.33,,,PARTIAL_HISTORY
warmup,island_rev,0.3171,0.7409,0.4891,-0.4224,1.6591,HISTORICALLY_CONSISTENT
cooldown,long_yang_seven,2.3665,-0.5993,0.8448,-1.3833,3.0013,HISTORICALLY_INCONSISTENT
hot,long_yang_seven,1.3764,1.8299,1.2737,0.4178,2.0308,HISTORICALLY_CONSISTENT
ice,long_yang_seven,1.1763,1.8052,2.6781,-1.0602,5.4074,HISTORICALLY_CONSISTENT
warmup,long_yang_seven,1.2433,0.342,0.6928,-0.1791,1.6144,HISTORICALLY_CONSISTENT
cooldown,lotus,3.1348,0.9064,0.7299,-0.4704,2.0249,HISTORICALLY_CONSISTENT
hot,lotus,1.2409,1.2453,0.8338,0.147,1.4139,HISTORICALLY_CONSISTENT
ice,lotus,3.4522,3.1342,2.0847,0.6013,3.69,HISTORICALLY_CONSISTENT
warmup,lotus,1.3057,0.3429,1.0084,0.2785,1.6914,HISTORICALLY_CONSISTENT
cooldown,lu_sniper,1.8001,-0.3848,1.0381,-0.0804,2.0585,HISTORICALLY_INCONSISTENT
hot,lu_sniper,0.8182,1.295,1.3451,0.6239,1.9849,HISTORICALLY_CONSISTENT
ice,lu_sniper,2.6784,3.3643,1.0228,0.3075,2.6013,HISTORICALLY_CONSISTENT
warmup,lu_sniper,0.3871,0.6229,0.6249,0.0006,1.2306,HISTORICALLY_CONSISTENT
cooldown,ma5_monster,2.1459,0.4249,0.6968,-0.6059,1.629,HISTORICALLY_CONSISTENT
hot,ma5_monster,0.8554,1.2532,0.2651,-0.4088,0.8062,HISTORICALLY_CONSISTENT
ice,ma5_monster,1.0589,1.7195,0.4527,-0.1725,2.1092,HISTORICALLY_CONSISTENT
warmup,ma5_monster,0.6595,0.2813,0.8482,0.2754,1.4061,HISTORICALLY_CONSISTENT
cooldown,massive_vol,1.4176,-0.1374,0.5129,-0.5211,1.3746,HISTORICALLY_INCONSISTENT
hot,massive_vol,0.8181,1.7577,0.4353,-0.1675,1.0145,HISTORICALLY_CONSISTENT
ice,massive_vol,1.429,0.7941,1.8661,0.1107,3.0451,HISTORICALLY_CONSISTENT
warmup,massive_vol,0.7184,0.5891,0.725,0.1288,1.2819,HISTORICALLY_CONSISTENT
cooldown,momentum,1.9856,-0.0094,-0.3693,-1.3529,0.6121,HISTORICALLY_INCONSISTENT
hot,momentum,0.7971,0.9365,0.5642,-0.0279,1.1041,HISTORICALLY_CONSISTENT
ice,momentum,1.117,1.301,0.5546,-0.6439,3.5823,HISTORICALLY_CONSISTENT
warmup,momentum,0.3921,0.2044,0.6632,0.0183,1.2711,HISTORICALLY_CONSISTENT
cooldown,old_duck,1.9904,0.372,0.683,-0.2177,1.4873,HISTORICALLY_CONSISTENT
hot,old_duck,0.8944,1.353,0.7281,0.1586,1.2397,HISTORICALLY_CONSISTENT
ice,old_duck,2.2575,2.4698,1.4964,0.5789,2.9145,HISTORICALLY_CONSISTENT
warmup,old_duck,0.7823,0.407,0.7495,0.2212,1.298,HISTORICALLY_CONSISTENT
cooldown,single_yang,2.327,0.682,0.9035,-0.7737,2.3233,HISTORICALLY_CONSISTENT
hot,single_yang,1.4378,1.3117,1.3843,0.5934,2.1612,HISTORICALLY_CONSISTENT
ice,single_yang,2.9977,4.6165,2.0508,0.3755,3.8497,HISTORICALLY_CONSISTENT
warmup,single_yang,1.2865,0.7687,1.3374,0.5943,2.103,HISTORICALLY_CONSISTENT
cooldown,t1_swing,1.4616,0.1289,0.328,-0.3771,1.085,HISTORICALLY_CONSISTENT
hot,t1_swing,0.6749,1.2092,0.3471,-0.2921,0.9038,HISTORICALLY_CONSISTENT
ice,t1_swing,1.1436,1.5369,1.0583,0.2174,2.6899,HISTORICALLY_CONSISTENT
warmup,t1_swing,0.565,0.3188,0.5778,0.1305,0.9839,HISTORICALLY_CONSISTENT
cooldown,three_horse,1.4369,0.2127,1.311,0.0242,2.295,HISTORICALLY_CONSISTENT
hot,three_horse,1.0179,1.3486,0.7108,0.1563,1.2571,HISTORICALLY_CONSISTENT
ice,three_horse,1.3528,3.0254,1.0547,0.2054,2.1352,HISTORICALLY_CONSISTENT
warmup,three_horse,0.7326,0.4497,0.6357,0.0913,1.156,HISTORICALLY_CONSISTENT
cooldown,trend,1.8191,-1.4542,0.6685,-1.3791,2.2841,HISTORICALLY_INCONSISTENT
hot,trend,0.4564,1.3122,0.2425,-0.6218,1.0012,HISTORICALLY_CONSISTENT
ice,trend,-0.824,3.1017,1.9508,-0.4645,5.9835,HISTORICALLY_INCONSISTENT
warmup,trend,1.3834,0.328,1.1994,0.3488,2.1221,HISTORICALLY_CONSISTENT
