regime,profile_name,pattern_name,oos_events,oos_dates,mean_return,median_return,win_rate,event_bootstrap_mean_ci_low,event_bootstrap_mean_ci_high,date_cluster_mean_ci_low,date_cluster_mean_ci_high,date_cluster_win_rate_ci_low,date_cluster_win_rate_ci_high,excess_return,evidence_grade,candidate_status,reason,present_n,absent_n,single_n,multi_n
cooldown,momentum_v5,breakout,2176,16,0.7695,2.05,54.92,0.4585,1.0702,-0.1859,1.7403,,,1.3007,MODERATE,PROVISIONAL,"n=2176, dates=16, mean=+0.77% > 0 but dc_ci=[-0.19, +1.74] crosses zero — positive but uncertain",2176,4031,43,2133
hot,momentum_v5,breakout,9234,37,0.6844,1.1125,51.57,0.5676,0.8058,0.0783,1.2289,,,0.3802,MODERATE,QUALIFIED,"n=9234, dates=37, mean=+0.68%, median=+1.11%, dc_ci=[+0.08, +1.23] — all criteria met",9234,20546,104,9130
ice,momentum_v5,breakout,598,5,1.3875,0.0,49.5,0.9982,1.797,0.4714,2.6672,,,0.3947,WEAK,LOW_DATE_COUNT,Only 5 unique OOS dates — insufficient for date-cluster inference,598,1104,9,589
warmup,momentum_v5,breakout,10423,66,0.7651,1.985,54.56,0.643,0.8894,0.2507,1.2866,,,0.1448,MODERATE,QUALIFIED,"n=10423, dates=66, mean=+0.77%, median=+1.99%, dc_ci=[+0.25, +1.29] — all criteria met",10423,21567,198,10225
cooldown,divine_explorer,divine_explorer,112,15,0.1356,1.965,54.46,-1.1669,1.4637,-1.8899,1.6474,,,0.4472,WEAK,PROVISIONAL,"n=112, dates=15, mean=+0.14% > 0 but dc_ci=[-1.89, +1.65] crosses zero — positive but uncertain",112,6095,6,106
hot,divine_explorer,divine_explorer,268,37,0.1176,-0.92,44.78,-0.4394,0.6516,-0.5323,0.8418,,,-0.3531,WEAK,PROVISIONAL,"n=268, dates=37, mean=+0.12% > 0 but dc_ci=[-0.53, +0.84] crosses zero — positive but uncertain",268,29512,15,253
ice,divine_explorer,divine_explorer,53,5,1.2546,0.19,50.94,0.0619,2.6183,0.3886,1.9031,,,0.6916,WEAK,LOW_DATE_COUNT,Only 5 unique OOS dates — insufficient for date-cluster inference,53,1649,2,51
warmup,divine_explorer,divine_explorer,476,65,-0.226,-0.1975,49.37,-0.6992,0.2698,-0.9151,0.4405,,,-0.7404,WEAK,INSUFFICIENT,OOS mean return = -0.2260% — not positive,476,31514,29,447
cooldown,fairy_guide,fairy_guide,8,8,0.5225,2.285,62.5,-4.2272,5.0971,-4.6186,5.0417,,,0.3789,N/A,LOW_DATE_COUNT,Only 8 unique OOS dates — insufficient for date-cluster inference,8,6199,1,7
hot,fairy_guide,fairy_guide,39,26,1.0359,3.07,61.54,-1.6245,3.5812,-1.6774,3.8462,,,0.4828,WEAK,PROVISIONAL,"n=39, dates=26, mean=+1.04% > 0 but dc_ci=[-1.68, +3.85] crosses zero — positive but uncertain",39,29741,1,38
ice,fairy_guide,fairy_guide,3,3,5.0,6.39,66.67,0.0,8.61,0.0,8.61,,,3.8451,N/A,LOW_DATE_COUNT,Only 3 unique OOS dates — insufficient for date-cluster inference,3,1699,0,3
warmup,fairy_guide,fairy_guide,53,40,3.3452,3.43,67.92,0.4333,6.4869,0.547,5.8047,,,2.7274,WEAK,PROVISIONAL,date-cluster CI > 0 but n=53<100,53,31937,0,53
cooldown,fake_yin,fake_yin,335,16,0.9307,2.06,55.82,0.2701,1.5474,-0.2218,2.1412,,,0.9782,WEAK,PROVISIONAL,"n=335, dates=16, mean=+0.93% > 0 but dc_ci=[-0.22, +2.14] crosses zero — positive but uncertain",335,5872,26,309
hot,fake_yin,fake_yin,1232,37,0.4076,-0.3725,48.13,0.1167,0.6949,-0.3179,1.1086,,,0.109,WEAK,PROVISIONAL,"n=1232, dates=37, mean=+0.41% > 0 but dc_ci=[-0.32, +1.11] crosses zero — positive but uncertain",1232,28548,56,1176
ice,fake_yin,fake_yin,209,5,1.0204,0.0,44.5,0.5307,1.5363,0.2655,2.2742,,,0.2348,WEAK,LOW_DATE_COUNT,Only 5 unique OOS dates — insufficient for date-cluster inference,209,1493,3,206
warmup,fake_yin,fake_yin,1364,66,0.6838,2.01,53.45,0.3827,0.984,0.1202,1.209,,,0.1649,WEAK,QUALIFIED,"n=1364, dates=66, mean=+0.68%, median=+2.01%, dc_ci=[+0.12, +1.21] — all criteria met",1364,30626,70,1294
cooldown,gap_proof,gap_proof,4016,16,0.0602,1.2,53.91,-0.1246,0.2468,-0.596,0.7919,,,0.7035,WEAK,PROVISIONAL,"n=4016, dates=16, mean=+0.06% > 0 but dc_ci=[-0.60, +0.79] crosses zero — positive but uncertain",4016,2191,1323,2693
hot,gap_proof,gap_proof,22585,37,0.3754,0.96,52.31,0.3073,0.4392,-0.1943,0.8556,,,0.0014,WEAK,PROVISIONAL,"n=22585, dates=37, mean=+0.38% > 0 but dc_ci=[-0.19, +0.86] crosses zero — positive but uncertain",22585,7195,7802,14783
ice,gap_proof,gap_proof,1056,5,1.1937,0.0,45.17,0.9381,1.4294,0.4025,2.4714,,,0.3596,WEAK,LOW_DATE_COUNT,Only 5 unique OOS dates — insufficient for date-cluster inference,1056,646,335,721
warmup,gap_proof,gap_proof,22278,66,0.5091,1.31,57.13,0.4372,0.58,0.062,0.923,,,-0.281,WEAK,QUALIFIED,"n=22278, dates=66, mean=+0.51%, median=+1.31%, dc_ci=[+0.06, +0.92] — all criteria met",22278,9712,8046,14232
cooldown,golden_cross,golden_cross,251,16,-0.3547,-0.44,47.81,-1.1874,0.5256,-1.4768,0.8799,,,0.4891,WEAK,INSUFFICIENT,OOS mean return = -0.3547% — not positive,251,5956,24,227
hot,golden_cross,golden_cross,1004,37,0.6783,0.88,51.29,0.367,1.0445,-0.0957,1.4099,,,0.5063,WEAK,PROVISIONAL,"n=1004, dates=37, mean=+0.68% > 0 but dc_ci=[-0.10, +1.41] crosses zero — positive but uncertain",1004,28776,63,941
ice,golden_cross,golden_cross,51,5,0.0152,0.0,47.06,-1.3665,1.3299,-0.8373,1.2946,,,-0.9701,WEAK,LOW_DATE_COUNT,Only 5 unique OOS dates — insufficient for date-cluster inference,51,1651,9,42
warmup,golden_cross,golden_cross,995,65,0.7929,1.97,54.97,0.3977,1.192,-0.0623,1.7017,,,0.2455,WEAK,PROVISIONAL,"n=995, dates=65, mean=+0.79% > 0 but dc_ci=[-0.06, +1.70] crosses zero — positive but uncertain",995,30995,108,887
cooldown,momentum_v5,ignition,152,16,-0.2626,2.015,52.63,-1.3928,0.801,-1.7655,1.199,,,-0.0774,WEAK,INSUFFICIENT,OOS mean return = -0.2626% — not positive,152,6055,9,143
hot,momentum_v5,ignition,839,37,1.2633,2.05,60.31,0.8977,1.6481,0.3901,2.0959,,,0.5929,WEAK,QUALIFIED,"n=839, dates=37, mean=+1.26%, median=+2.05%, dc_ci=[+0.39, +2.10] — all criteria met",839,28941,25,814
ice,momentum_v5,ignition,43,5,1.5528,1.95,55.81,-0.2632,3.3121,-0.9241,2.6998,,,0.0247,WEAK,LOW_DATE_COUNT,Only 5 unique OOS dates — insufficient for date-cluster inference,43,1659,0,43
warmup,momentum_v5,ignition,1086,64,0.9339,2.1525,59.94,0.5197,1.3476,-0.0125,1.9026,,,0.2095,WEAK,PROVISIONAL,"n=1086, dates=64, mean=+0.93% > 0 but dc_ci=[-0.01, +1.90] crosses zero — positive but uncertain",1086,30904,48,1038
cooldown,momentum_v5,island_rev,9,6,-1.8467,-3.15,44.44,-7.0,3.4016,-7.5203,5.1514,,,-1.9723,N/A,LOW_DATE_COUNT,Only 6 unique OOS dates — insufficient for date-cluster inference,9,6198,3,6
hot,momentum_v5,island_rev,139,24,0.8947,2.19,54.68,0.0183,1.8273,-0.3895,2.3207,,,0.5824,WEAK,PROVISIONAL,"n=139, dates=24, mean=+0.89% > 0 but dc_ci=[-0.39, +2.32] crosses zero — positive but uncertain",139,29641,11,128
ice,momentum_v5,island_rev,1,1,-9.33,-9.33,0.0,,,,,,,-7.9427,N/A,LOW_DATE_COUNT,Only 1 unique OOS dates — insufficient for date-cluster inference,1,1701,0,1
warmup,momentum_v5,island_rev,114,41,0.4891,0.795,51.75,-0.4988,1.5926,-0.4224,1.6591,,,-0.1113,WEAK,PROVISIONAL,"n=114, dates=41, mean=+0.49% > 0 but dc_ci=[-0.42, +1.66] crosses zero — positive but uncertain",114,31876,22,92
cooldown,long_yang_seven,long_yang_seven,113,15,0.8448,2.49,59.29,-0.6347,2.3739,-1.3833,3.0013,,,1.8542,WEAK,PROVISIONAL,"n=113, dates=15, mean=+0.84% > 0 but dc_ci=[-1.38, +3.00] crosses zero — positive but uncertain",113,6094,0,113
hot,long_yang_seven,long_yang_seven,515,37,1.2737,2.35,57.86,0.7007,1.8674,0.4178,2.0308,,,0.9464,MODERATE,QUALIFIED,"n=515, dates=37, mean=+1.27%, median=+2.35%, dc_ci=[+0.42, +2.03] — all criteria met",515,29265,0,515
ice,long_yang_seven,long_yang_seven,26,5,2.6781,2.8625,53.85,-0.7184,5.9967,-1.0602,5.4074,,,1.2741,INCONCLUSIVE,LOW_DATE_COUNT,Only 5 unique OOS dates — insufficient for date-cluster inference,26,1676,0,26
warmup,long_yang_seven,long_yang_seven,548,64,0.6928,2.28,56.39,0.103,1.3113,-0.1791,1.6144,,,0.1113,WEAK,PROVISIONAL,"n=548, dates=64, mean=+0.69% > 0 but dc_ci=[-0.18, +1.61] crosses zero — positive but uncertain",548,31442,1,547
cooldown,lotus,lotus,345,16,0.7299,2.33,56.52,-0.1362,1.5538,-0.4704,2.0249,,,1.0274,WEAK,PROVISIONAL,"n=345, dates=16, mean=+0.73% > 0 but dc_ci=[-0.47, +2.02] crosses zero — positive but uncertain",345,5862,0,345
hot,lotus,lotus,1252,37,0.8338,2.115,53.59,0.4587,1.2055,0.147,1.4139,,,0.6227,WEAK,QUALIFIED,"n=1252, dates=37, mean=+0.83%, median=+2.12%, dc_ci=[+0.15, +1.41] — all criteria met",1252,28528,0,1252
ice,lotus,lotus,76,5,2.0847,1.89,51.32,0.6498,3.6574,0.6013,3.69,,,1.186,WEAK,LOW_DATE_COUNT,Only 5 unique OOS dates — insufficient for date-cluster inference,76,1626,0,76
warmup,lotus,lotus,1632,66,1.0084,2.33,57.29,0.6297,1.3717,0.2785,1.6914,,,0.4122,MODERATE,QUALIFIED,"n=1632, dates=66, mean=+1.01%, median=+2.33%, dc_ci=[+0.28, +1.69] — all criteria met",1632,30358,0,1632
cooldown,momentum_v5,lu_sniper,580,16,1.0381,2.125,58.97,0.4414,1.613,-0.0804,2.0585,,,0.9885,WEAK,PROVISIONAL,"n=580, dates=16, mean=+1.04% > 0 but dc_ci=[-0.08, +2.06] crosses zero — positive but uncertain",580,5627,357,223
hot,momentum_v5,lu_sniper,1054,37,1.3451,2.1175,62.62,0.9587,1.7096,0.6239,1.9849,,,1.03,STRONG,QUALIFIED,"n=1054, dates=37, mean=+1.35%, median=+2.12%, dc_ci=[+0.62, +1.98] — all criteria met",1054,28726,526,528
ice,momentum_v5,lu_sniper,168,5,1.0228,0.0,45.24,0.1913,1.9179,0.3075,2.6013,,,0.1278,WEAK,LOW_DATE_COUNT,Only 5 unique OOS dates — insufficient for date-cluster inference,168,1534,101,67
warmup,momentum_v5,lu_sniper,2323,66,0.6249,2.065,59.19,0.3354,0.9131,0.0006,1.2306,,,0.2106,WEAK,QUALIFIED,"n=2323, dates=66, mean=+0.62%, median=+2.06%, dc_ci=[+0.00, +1.23] — all criteria met",2323,29667,1241,1082
cooldown,ma5_monster,ma5_monster,262,16,0.6968,1.96,54.96,0.0409,1.3878,-0.6059,1.629,,,0.4894,WEAK,PROVISIONAL,"n=262, dates=16, mean=+0.70% > 0 but dc_ci=[-0.61, +1.63] crosses zero — positive but uncertain",262,5945,15,247
hot,ma5_monster,ma5_monster,947,37,0.2651,-0.54,43.93,-0.0432,0.5649,-0.4088,0.8062,,,-0.2712,WEAK,PROVISIONAL,"n=947, dates=37, mean=+0.27% > 0 but dc_ci=[-0.41, +0.81] crosses zero — positive but uncertain",947,28833,51,896
ice,ma5_monster,ma5_monster,124,5,0.4527,0.0,41.94,-0.3883,1.2548,-0.1725,2.1092,,,0.5721,WEAK,LOW_DATE_COUNT,Only 5 unique OOS dates — insufficient for date-cluster inference,124,1578,9,115
warmup,ma5_monster,ma5_monster,1112,66,0.8482,1.435,51.53,0.5124,1.2162,0.2754,1.4061,,,-0.0035,WEAK,QUALIFIED,"n=1112, dates=66, mean=+0.85%, median=+1.44%, dc_ci=[+0.28, +1.41] — all criteria met",1112,30878,61,1051
cooldown,momentum_v5,massive_vol,241,16,0.5129,2.14,54.77,-0.4167,1.4974,-0.5211,1.3746,,,0.9988,WEAK,PROVISIONAL,"n=241, dates=16, mean=+0.51% > 0 but dc_ci=[-0.52, +1.37] crosses zero — positive but uncertain",241,5966,7,234
hot,momentum_v5,massive_vol,1630,37,0.4353,-0.205,49.02,0.1762,0.6954,-0.1675,1.0145,,,0.0764,WEAK,PROVISIONAL,"n=1630, dates=37, mean=+0.44% > 0 but dc_ci=[-0.17, +1.01] crosses zero — positive but uncertain",1630,28150,45,1585
ice,momentum_v5,massive_vol,72,5,1.8661,0.0,48.61,0.8099,3.0463,0.1107,3.0451,,,0.6932,WEAK,LOW_DATE_COUNT,Only 5 unique OOS dates — insufficient for date-cluster inference,72,1630,0,72
warmup,momentum_v5,massive_vol,1404,66,0.725,1.96,52.92,0.3854,1.0607,0.1288,1.2819,,,0.2166,WEAK,QUALIFIED,"n=1404, dates=66, mean=+0.72%, median=+1.96%, dc_ci=[+0.13, +1.28] — all criteria met",1404,30586,35,1369
cooldown,momentum_v5,momentum,199,16,-0.3693,0.32,50.25,-0.9977,0.3154,-1.3529,0.6121,,,0.4031,WEAK,INSUFFICIENT,OOS mean return = -0.3693% — not positive,199,6008,5,194
hot,momentum_v5,momentum,1105,37,0.5642,0.82,51.95,0.3107,0.8155,-0.0279,1.1041,,,0.1212,WEAK,PROVISIONAL,"n=1105, dates=37, mean=+0.56% > 0 but dc_ci=[-0.03, +1.10] crosses zero — positive but uncertain",1105,28675,46,1059
ice,momentum_v5,momentum,70,5,0.5546,0.0,41.43,-0.3331,1.5636,-0.6439,3.5823,,,-0.4085,WEAK,LOW_DATE_COUNT,Only 5 unique OOS dates — insufficient for date-cluster inference,70,1632,2,68
warmup,momentum_v5,momentum,1054,66,0.6632,1.61,56.36,0.3215,0.9869,0.0183,1.2711,,,-0.0609,WEAK,QUALIFIED,"n=1054, dates=66, mean=+0.66%, median=+1.61%, dc_ci=[+0.02, +1.27] — all criteria met",1054,30936,41,1013
cooldown,old_duck,old_duck,2533,16,0.683,2.06,54.88,0.432,0.9583,-0.2177,1.4873,,,1.053,MODERATE,PROVISIONAL,"n=2533, dates=16, mean=+0.68% > 0 but dc_ci=[-0.22, +1.49] crosses zero — positive but uncertain",2533,3674,300,2233
hot,old_duck,old_duck,10023,37,0.7281,1.43,51.65,0.6108,0.8414,0.1586,1.2397,,,0.4476,MODERATE,QUALIFIED,"n=10023, dates=37, mean=+0.73%, median=+1.43%, dc_ci=[+0.16, +1.24] — all criteria met",10023,19757,574,9449
ice,old_duck,old_duck,844,5,1.4964,0.0,48.93,1.177,1.8799,0.5789,2.9145,,,0.6577,MODERATE,LOW_DATE_COUNT,Only 5 unique OOS dates — insufficient for date-cluster inference,844,858,95,749
warmup,old_duck,old_duck,12223,66,0.7495,2.0,54.23,0.6316,0.8564,0.2212,1.298,,,0.1574,MODERATE,QUALIFIED,"n=12223, dates=66, mean=+0.75%, median=+2.00%, dc_ci=[+0.22, +1.30] — all criteria met",12223,19767,1144,11079
cooldown,single_yang,single_yang,308,16,0.9035,2.3,56.49,0.0619,1.7282,-0.7737,2.3233,,,1.1166,WEAK,PROVISIONAL,"n=308, dates=16, mean=+0.90% > 0 but dc_ci=[-0.77, +2.32] crosses zero — positive but uncertain",308,5899,11,297
hot,single_yang,single_yang,1141,37,1.3843,2.39,59.6,1.042,1.7598,0.5934,2.1612,,,0.8797,MODERATE,QUALIFIED,"n=1141, dates=37, mean=+1.38%, median=+2.39%, dc_ci=[+0.59, +2.16] — all criteria met",1141,28639,16,1125
ice,single_yang,single_yang,49,5,2.0508,0.0,48.98,0.2367,4.05,0.3755,3.8497,,,0.658,WEAK,LOW_DATE_COUNT,Only 5 unique OOS dates — insufficient for date-cluster inference,49,1653,0,49
warmup,single_yang,single_yang,1299,65,1.3374,2.36,56.43,0.9391,1.7066,0.5943,2.103,,,0.946,MODERATE,QUALIFIED,"n=1299, dates=65, mean=+1.34%, median=+2.36%, dc_ci=[+0.59, +2.10] — all criteria met",1299,30691,38,1261
cooldown,t1_swing,t1_swing,3026,16,0.328,1.18,54.79,0.1075,0.5484,-0.3771,1.085,,,1.0879,WEAK,PROVISIONAL,"n=3026, dates=16, mean=+0.33% > 0 but dc_ci=[-0.38, +1.08] crosses zero — positive but uncertain",3026,3181,215,2811
hot,t1_swing,t1_swing,17323,37,0.3471,0.65,51.34,0.2667,0.4256,-0.2921,0.9038,,,0.0571,WEAK,PROVISIONAL,"n=17323, dates=37, mean=+0.35% > 0 but dc_ci=[-0.29, +0.90] crosses zero — positive but uncertain",17323,12457,1361,15962
ice,t1_swing,t1_swing,779,5,1.0583,0.0,43.77,0.7721,1.3516,0.2174,2.6899,,,-0.0021,WEAK,LOW_DATE_COUNT,Only 5 unique OOS dates — insufficient for date-cluster inference,779,923,34,745
warmup,t1_swing,t1_swing,15896,66,0.5778,1.17,56.15,0.4847,0.6735,0.1305,0.9839,,,-0.19,WEAK,QUALIFIED,"n=15896, dates=66, mean=+0.58%, median=+1.17%, dc_ci=[+0.13, +0.98] — all criteria met",15896,16094,1045,14851
cooldown,three_horse,three_horse,909,16,1.311,2.2,56.66,0.8642,1.7799,0.0242,2.295,,,1.8716,WEAK,PROVISIONAL,date-cluster CI > 0 but dates=16<20,909,5298,3,906
hot,three_horse,three_horse,4225,37,0.7108,1.74,51.29,0.5317,0.8936,0.1563,1.2571,,,0.392,MODERATE,QUALIFIED,"n=4225, dates=37, mean=+0.71%, median=+1.74%, dc_ci=[+0.16, +1.26] — all criteria met",4225,25555,13,4212
ice,three_horse,three_horse,280,5,1.0547,0.0,43.93,0.4534,1.666,0.2054,2.1352,,,-0.0754,WEAK,LOW_DATE_COUNT,Only 5 unique OOS dates — insufficient for date-cluster inference,280,1422,0,280
warmup,three_horse,three_horse,4543,66,0.6357,2.0,52.43,0.4319,0.83,0.0913,1.156,,,0.0626,WEAK,QUALIFIED,"n=4543, dates=66, mean=+0.64%, median=+2.00%, dc_ci=[+0.09, +1.16] — all criteria met",4543,27447,12,4531
cooldown,momentum_v5,trend,36,15,0.6685,1.8825,58.33,-1.187,2.391,-1.3791,2.2841,,,0.6688,WEAK,PROVISIONAL,"n=36, dates=15, mean=+0.67% > 0 but dc_ci=[-1.38, +2.28] crosses zero — positive but uncertain",36,6171,0,36
hot,momentum_v5,trend,212,34,0.2425,-0.4,45.75,-0.3711,0.8277,-0.6218,1.0012,,,-0.4184,WEAK,PROVISIONAL,"n=212, dates=34, mean=+0.24% > 0 but dc_ci=[-0.62, +1.00] crosses zero — positive but uncertain",212,29568,1,211
ice,momentum_v5,trend,18,5,1.9508,1.7425,66.67,0.1259,3.7343,-0.4645,5.9835,,,-0.0751,INCONCLUSIVE,LOW_DATE_COUNT,Only 5 unique OOS dates — insufficient for date-cluster inference,18,1684,0,18
warmup,momentum_v5,trend,135,47,1.1994,1.77,54.81,0.2902,2.0785,0.3488,2.1221,,,0.4937,WEAK,QUALIFIED,"n=135, dates=47, mean=+1.20%, median=+1.77%, dc_ci=[+0.35, +2.12] — all criteria met",135,31855,3,132
