regime,profile_name,pattern_name,phase2c_events,phase2c_dates,phase2c_mean,phase2c_median,phase2c_win_rate,phase2c_ci_low,phase2c_ci_high,freeze_commit,freeze_source
hot,momentum_v5,breakout,9234,37,0.6844,1.1125,51.57,0.0783,1.2289,b22698c,phase2c_candidate_table.csv
warmup,momentum_v5,breakout,10423,66,0.7651,1.985,54.56,0.2507,1.2866,b22698c,phase2c_candidate_table.csv
warmup,fake_yin,fake_yin,1364,66,0.6838,2.01,53.45,0.1202,1.209,b22698c,phase2c_candidate_table.csv
warmup,gap_proof,gap_proof,22278,66,0.5091,1.31,57.13,0.062,0.923,b22698c,phase2c_candidate_table.csv
hot,momentum_v5,ignition,839,37,1.2633,2.05,60.31,0.3901,2.0959,b22698c,phase2c_candidate_table.csv
hot,long_yang_seven,long_yang_seven,515,37,1.2737,2.35,57.86,0.4178,2.0308,b22698c,phase2c_candidate_table.csv
hot,lotus,lotus,1252,37,0.8338,2.115,53.59,0.147,1.4139,b22698c,phase2c_candidate_table.csv
warmup,lotus,lotus,1632,66,1.0084,2.33,57.29,0.2785,1.6914,b22698c,phase2c_candidate_table.csv
hot,momentum_v5,lu_sniper,1054,37,1.3451,2.1175,62.62,0.6239,1.9849,b22698c,phase2c_candidate_table.csv
warmup,momentum_v5,lu_sniper,2323,66,0.6249,2.065,59.19,0.0006,1.2306,b22698c,phase2c_candidate_table.csv
warmup,ma5_monster,ma5_monster,1112,66,0.8482,1.435,51.53,0.2754,1.4061,b22698c,phase2c_candidate_table.csv
warmup,momentum_v5,massive_vol,1404,66,0.725,1.96,52.92,0.1288,1.2819,b22698c,phase2c_candidate_table.csv
warmup,momentum_v5,momentum,1054,66,0.6632,1.61,56.36,0.0183,1.2711,b22698c,phase2c_candidate_table.csv
hot,old_duck,old_duck,10023,37,0.7281,1.43,51.65,0.1586,1.2397,b22698c,phase2c_candidate_table.csv
warmup,old_duck,old_duck,12223,66,0.7495,2.0,54.23,0.2212,1.298,b22698c,phase2c_candidate_table.csv
hot,single_yang,single_yang,1141,37,1.3843,2.39,59.6,0.5934,2.1612,b22698c,phase2c_candidate_table.csv
warmup,single_yang,single_yang,1299,65,1.3374,2.36,56.43,0.5943,2.103,b22698c,phase2c_candidate_table.csv
warmup,t1_swing,t1_swing,15896,66,0.5778,1.17,56.15,0.1305,0.9839,b22698c,phase2c_candidate_table.csv
hot,three_horse,three_horse,4225,37,0.7108,1.74,51.29,0.1563,1.2571,b22698c,phase2c_candidate_table.csv
warmup,three_horse,three_horse,4543,66,0.6357,2.0,52.43,0.0913,1.156,b22698c,phase2c_candidate_table.csv
warmup,momentum_v5,trend,135,47,1.1994,1.77,54.81,0.3488,2.1221,b22698c,phase2c_candidate_table.csv
