profile_name,pattern_name,regime,n_events,sample_label,mean_return,median_return,win_rate,mean_excess,mean_ci_lower,mean_ci_upper,win_rate_ci_lower,win_rate_ci_upper,excess_ci_lower,excess_ci_upper,avg_return_stdev,stability,theme_lifecycle
divine_explorer,divine_explorer,cooldown,6,small,2.25,4.045,66.67,1.7149,-3.18,7.165,33.3333,100.0,-2.859,6.1698,0.0,INSUFFICIENT_DATA,NOT_AVAILABLE
divine_explorer,divine_explorer,hot,15,small,1.6113,2.11,53.33,0.9558,-2.7252,5.9168,26.6667,80.0,-3.1568,5.3229,0.0,STABLE_POSITIVE,NOT_AVAILABLE
divine_explorer,divine_explorer,ice,2,small,0.345,0.345,50.0,-1.092,-3.13,3.82,0.0,100.0,-5.362,3.178,0.0,INSUFFICIENT_DATA,NOT_AVAILABLE
divine_explorer,divine_explorer,warmup,29,small,1.3203,2.32,65.52,1.2367,-0.8161,3.4549,48.2759,82.7586,-0.68,3.3457,0.0,STABLE_POSITIVE,NOT_AVAILABLE
fairy_guide,fairy_guide,cooldown,1,small,2.12,2.12,100.0,4.0195,,,,,,,0.0,INSUFFICIENT_DATA,NOT_AVAILABLE
fairy_guide,fairy_guide,hot,1,small,2.17,2.17,100.0,0.1013,,,,,,,0.0,INSUFFICIENT_DATA,NOT_AVAILABLE
fake_yin,fake_yin,cooldown,26,small,1.8669,2.125,57.69,1.8282,-0.4543,4.5159,38.4615,76.9231,-0.5322,4.3835,0.0,STABLE_POSITIVE,NOT_AVAILABLE
fake_yin,fake_yin,hot,56,medium,1.4234,2.875,62.5,0.9794,0.0079,2.7585,50.0,76.7857,-0.3807,2.2838,0.0,STABLE_POSITIVE,NOT_AVAILABLE
fake_yin,fake_yin,ice,3,small,-0.5167,1.26,66.67,-1.9515,-5.04,2.23,0.0,100.0,-5.682,0.618,0.0,INSUFFICIENT_DATA,NOT_AVAILABLE
fake_yin,fake_yin,warmup,70,medium,1.3224,2.73,67.14,0.3181,-0.0342,2.5318,55.7143,77.1429,-0.9871,1.5012,0.0,STABLE_POSITIVE,NOT_AVAILABLE
gap_proof,gap_proof,cooldown,1323,large,-0.0911,1.28,54.88,0.393,-0.4011,0.2036,52.2298,57.5983,0.075,0.6896,0.1269,SIGN_FLIP,NOT_AVAILABLE
gap_proof,gap_proof,hot,7802,large,0.4986,1.23,54.83,0.0365,0.3951,0.6039,53.6529,55.9607,-0.06,0.1359,0.1588,STABLE_POSITIVE,NOT_AVAILABLE
gap_proof,gap_proof,ice,335,large,1.1522,0.0,43.28,0.6321,0.7292,1.5821,37.9104,48.3657,0.1728,1.0668,0.2057,STABLE_POSITIVE,NOT_AVAILABLE
gap_proof,gap_proof,warmup,8046,large,0.4287,1.36,58.14,-0.3876,0.3207,0.5323,57.0221,59.1601,-0.5008,-0.2861,0.1464,STABLE_POSITIVE,NOT_AVAILABLE
golden_cross,golden_cross,cooldown,24,small,-2.5967,-2.81,25.0,-1.7483,-4.5676,-0.5736,8.3333,41.6667,-3.8204,0.4966,0.0,SIGN_FLIP,NOT_AVAILABLE
golden_cross,golden_cross,hot,63,medium,-0.4175,-0.47,46.03,-0.6121,-1.5701,0.6709,34.881,58.7302,-1.7379,0.4784,0.0,SIGN_FLIP,NOT_AVAILABLE
golden_cross,golden_cross,ice,9,small,-0.5589,-1.94,33.33,-2.153,-2.9701,1.9884,0.0,66.6667,-5.0214,0.7316,0.0,INSUFFICIENT_DATA,NOT_AVAILABLE
golden_cross,golden_cross,warmup,108,large,0.5044,-0.545,48.15,-0.1066,-0.6437,1.7719,39.8148,57.4074,-1.0867,1.0464,0.0,STABLE_POSITIVE,NOT_AVAILABLE
island_reversal,island_rev,cooldown,3,small,6.0967,4.64,100.0,4.0324,2.22,11.43,100.0,100.0,-0.9344,11.5566,0.0,INSUFFICIENT_DATA,NOT_AVAILABLE
island_reversal,island_rev,hot,11,small,1.9791,2.64,63.64,1.6316,-1.6801,6.2922,36.3636,90.9091,-1.8399,5.4487,0.0,STABLE_POSITIVE,NOT_AVAILABLE
island_reversal,island_rev,warmup,22,small,0.7809,2.145,63.64,0.4991,-0.4972,1.9868,40.9091,81.8182,-1.2955,2.2429,0.0,STABLE_POSITIVE,NOT_AVAILABLE
limitup_pullback,lu_sniper,cooldown,357,large,0.8229,2.07,59.38,0.7279,0.0788,1.6997,54.3417,64.7059,-0.037,1.5835,0.0,STABLE_POSITIVE,NOT_AVAILABLE
limitup_pullback,lu_sniper,hot,526,large,1.5106,2.245,65.97,1.2246,0.9988,2.0158,62.1625,70.1521,0.7044,1.7159,0.0,STABLE_POSITIVE,NOT_AVAILABLE
limitup_pullback,lu_sniper,ice,101,large,0.4927,0.0,41.58,-0.7026,-0.441,1.5012,31.6832,51.4851,-1.6398,0.2809,0.0,STABLE_POSITIVE,NOT_AVAILABLE
limitup_pullback,lu_sniper,warmup,1241,large,0.5459,2.06,59.87,0.2381,0.1682,0.9277,56.9702,62.6934,-0.1406,0.6405,0.0,STABLE_POSITIVE,NOT_AVAILABLE
long_yang_seven,long_yang_seven,warmup,1,small,-10.74,-10.74,0.0,-10.3001,,,,,,,0.0,INSUFFICIENT_DATA,NOT_AVAILABLE
ma5_monster,ma5_monster,cooldown,15,small,2.7247,3.75,60.0,2.0821,-0.9653,6.9421,40.0,86.6667,-1.4018,6.3323,0.0,STABLE_POSITIVE,NOT_AVAILABLE
ma5_monster,ma5_monster,hot,51,medium,1.0427,1.96,50.98,0.695,-0.5043,2.4524,37.2549,64.7059,-0.7917,2.0636,0.0,STABLE_POSITIVE,NOT_AVAILABLE
ma5_monster,ma5_monster,ice,9,small,-0.0933,0.0,44.44,0.7254,-4.4961,4.876,11.1111,77.7778,-3.1923,4.7693,0.0,INSUFFICIENT_DATA,NOT_AVAILABLE
ma5_monster,ma5_monster,warmup,61,medium,0.4213,1.99,50.82,-0.1297,-1.1771,1.946,37.7049,63.9344,-1.5085,1.2522,0.0,STABLE_POSITIVE,NOT_AVAILABLE
massive_volume,massive_vol,cooldown,7,small,-3.0386,-4.04,14.29,-3.3774,-5.113,-0.648,0.0,42.8571,-6.0032,-0.1527,0.0,INSUFFICIENT_DATA,NOT_AVAILABLE
massive_volume,massive_vol,hot,45,medium,-0.2209,-0.84,42.22,-0.7501,-1.3426,0.8834,26.6667,55.5556,-1.8802,0.3969,0.0,SIGN_FLIP,NOT_AVAILABLE
massive_volume,massive_vol,warmup,35,medium,0.6583,3.1,57.14,-0.0523,-1.4662,2.627,40.0,71.5,-2.1073,1.8614,0.0,STABLE_POSITIVE,NOT_AVAILABLE
momentum_breakout,breakout,warmup,1,small,-8.4,-8.4,0.0,-9.5818,,,,,,,0.0,INSUFFICIENT_DATA,NOT_AVAILABLE
momentum_v5,breakout,cooldown,43,medium,1.7805,3.15,62.79,1.573,0.0718,3.4173,48.8372,76.7442,-0.1299,3.2439,0.0,STABLE_POSITIVE,NOT_AVAILABLE
momentum_v5,breakout,hot,104,large,0.8257,2.195,53.85,0.6204,-0.4977,2.3549,44.2308,62.5,-0.5903,2.0935,0.0,STABLE_POSITIVE,NOT_AVAILABLE
momentum_v5,breakout,ice,9,small,-3.0822,-3.8,22.22,-3.4787,-7.5236,0.9037,0.0,44.7222,-6.9952,-0.523,0.0,INSUFFICIENT_DATA,NOT_AVAILABLE
momentum_v5,breakout,warmup,197,large,1.2907,2.41,58.88,0.8999,0.2633,2.2146,51.7766,65.4822,-0.1254,1.7987,0.0,STABLE_POSITIVE,NOT_AVAILABLE
momentum_v5,ignition,cooldown,9,small,2.2822,4.5,66.67,1.1464,-1.3691,5.6656,33.3333,88.8889,-2.3105,4.5228,0.0,INSUFFICIENT_DATA,NOT_AVAILABLE
momentum_v5,ignition,hot,25,small,2.1384,3.06,64.0,1.2441,-0.787,5.0482,44.0,84.0,-1.4042,3.9364,0.0,STABLE_POSITIVE,NOT_AVAILABLE
momentum_v5,ignition,warmup,48,medium,0.2367,-0.2,47.92,-0.7574,-1.8055,2.0781,33.3333,62.5,-2.6752,1.018,0.0,STABLE_POSITIVE,NOT_AVAILABLE
momentum_v5,momentum,cooldown,5,small,-1.886,-2.89,20.0,-3.0413,-6.59,4.292,0.0,60.0,-8.0776,2.8206,0.0,INSUFFICIENT_DATA,NOT_AVAILABLE
momentum_v5,momentum,hot,46,medium,1.3246,2.015,56.52,0.7991,0.0664,2.6006,43.4783,71.7391,-0.4266,2.1235,0.0,STABLE_POSITIVE,NOT_AVAILABLE
momentum_v5,momentum,ice,2,small,-0.145,-0.145,50.0,1.2423,-3.59,3.3,0.0,100.0,-2.2027,4.6873,0.0,INSUFFICIENT_DATA,NOT_AVAILABLE
momentum_v5,momentum,warmup,41,medium,-0.292,-2.69,46.34,-0.4364,-2.4484,2.2191,31.7073,60.9756,-2.2419,1.7836,0.0,SIGN_FLIP,NOT_AVAILABLE
momentum_v5,trend,hot,1,small,-1.94,-1.94,0.0,-2.3355,,,,,,,0.0,INSUFFICIENT_DATA,NOT_AVAILABLE
momentum_v5,trend,warmup,3,small,6.74,7.15,100.0,7.6431,5.65,7.42,100.0,100.0,4.5083,10.0355,0.0,INSUFFICIENT_DATA,NOT_AVAILABLE
old_duck,old_duck,cooldown,300,large,0.3599,2.08,52.67,0.2033,-0.4422,1.1157,47.0,58.0,-0.5942,0.9509,0.0,STABLE_POSITIVE,NOT_AVAILABLE
old_duck,old_duck,hot,574,large,0.4029,-0.43,48.26,0.1728,-0.0471,0.88,44.2465,52.2648,-0.253,0.6482,0.0,STABLE_POSITIVE,NOT_AVAILABLE
old_duck,old_duck,ice,95,medium,1.0223,0.0,45.26,0.6688,0.1183,1.9465,35.7895,54.7368,-0.2525,1.558,0.0,STABLE_POSITIVE,NOT_AVAILABLE
old_duck,old_duck,warmup,1144,large,0.7071,2.07,52.97,0.2531,0.3482,1.1187,50.3475,55.8566,-0.1008,0.6434,0.0,STABLE_POSITIVE,NOT_AVAILABLE
single_yang,single_yang,cooldown,11,small,3.7945,5.07,81.82,3.3085,-2.3619,9.11,54.5455,100.0,-2.0365,7.931,0.0,STABLE_POSITIVE,NOT_AVAILABLE
single_yang,single_yang,hot,16,small,1.6125,2.185,68.75,0.8763,-0.0772,3.2195,43.75,87.5,-0.7363,2.426,0.0,STABLE_POSITIVE,NOT_AVAILABLE
single_yang,single_yang,warmup,38,medium,-0.1568,-4.39,42.11,-0.3952,-2.6961,2.4755,26.3158,57.8947,-2.7282,2.081,0.0,SIGN_FLIP,NOT_AVAILABLE
t1_swing,t1_swing,cooldown,215,large,0.1479,0.91,60.0,0.98,-0.5804,0.8579,53.4884,66.0465,0.2514,1.6874,0.0,STABLE_POSITIVE,NOT_AVAILABLE
t1_swing,t1_swing,hot,1361,large,0.1209,0.68,52.53,0.1275,-0.1516,0.4013,49.8163,55.18,-0.1347,0.3808,0.0,STABLE_POSITIVE,NOT_AVAILABLE
t1_swing,t1_swing,ice,34,medium,3.9629,2.015,70.59,2.1828,2.1626,6.0112,55.8824,85.2941,0.4838,4.0834,0.0,STABLE_POSITIVE,NOT_AVAILABLE
t1_swing,t1_swing,warmup,1045,large,0.0469,0.74,55.98,-0.6573,-0.2852,0.38,52.823,59.0431,-0.9887,-0.3443,0.0,STABLE_POSITIVE,NOT_AVAILABLE
three_horse,three_horse,cooldown,3,small,3.6767,6.26,66.67,3.6548,-7.82,12.59,0.0,100.0,-7.582,11.0056,0.0,INSUFFICIENT_DATA,NOT_AVAILABLE
three_horse,three_horse,hot,13,small,3.0992,2.82,61.54,2.6368,0.0098,6.5899,38.4615,84.6154,-0.5323,6.234,0.0,STABLE_POSITIVE,NOT_AVAILABLE
three_horse,three_horse,warmup,12,small,-1.0375,0.7,50.0,-1.297,-4.0417,1.733,25.0,75.0,-3.8462,0.9594,0.0,SIGN_FLIP,NOT_AVAILABLE
